"gisd_score","kreis_id","kreis_name","year"
0.45153,"09161","Ingolstadt, Stadt",1998
0.43041,"09161","Ingolstadt, Stadt",1999
0.4825,"09161","Ingolstadt, Stadt",2000
0.48457,"09161","Ingolstadt, Stadt",2001
0.55603,"09161","Ingolstadt, Stadt",2002
0.5128,"09161","Ingolstadt, Stadt",2003
0.43628,"09161","Ingolstadt, Stadt",2004
0.43668,"09161","Ingolstadt, Stadt",2005
0.44422,"09161","Ingolstadt, Stadt",2006
0.47139,"09161","Ingolstadt, Stadt",2007
0.48455,"09161","Ingolstadt, Stadt",2008
0.47599,"09161","Ingolstadt, Stadt",2009
0.45279,"09161","Ingolstadt, Stadt",2010
0.43079,"09161","Ingolstadt, Stadt",2011
0.38682,"09161","Ingolstadt, Stadt",2012
0.31055,"09161","Ingolstadt, Stadt",2013
0.2999,"09161","Ingolstadt, Stadt",2014
0.23884,"09161","Ingolstadt, Stadt",2015
0.19281,"09161","Ingolstadt, Stadt",2016
0.18942,"09161","Ingolstadt, Stadt",2017
0.22973,"09161","Ingolstadt, Stadt",2018
0.2196,"09161","Ingolstadt, Stadt",2019
0.22152,"09162","München, Stadt",1998
0.18612,"09162","München, Stadt",1999
0.13033,"09162","München, Stadt",2000
0.16597,"09162","München, Stadt",2001
0.175,"09162","München, Stadt",2002
0.22228,"09162","München, Stadt",2003
0.18782,"09162","München, Stadt",2004
0.22755,"09162","München, Stadt",2005
0.24629,"09162","München, Stadt",2006
0.25892,"09162","München, Stadt",2007
0.25869,"09162","München, Stadt",2008
0.26237,"09162","München, Stadt",2009
0.26587,"09162","München, Stadt",2010
0.25569,"09162","München, Stadt",2011
0.1922,"09162","München, Stadt",2012
0.18057,"09162","München, Stadt",2013
0.12657,"09162","München, Stadt",2014
0.13539,"09162","München, Stadt",2015
0.03592,"09162","München, Stadt",2016
0.02138,"09162","München, Stadt",2017
0.03303,"09162","München, Stadt",2018
0.03428,"09162","München, Stadt",2019
0.63907,"09163","Rosenheim, Stadt",1998
0.70953,"09163","Rosenheim, Stadt",1999
0.68856,"09163","Rosenheim, Stadt",2000
0.68742,"09163","Rosenheim, Stadt",2001
0.65952,"09163","Rosenheim, Stadt",2002
0.63607,"09163","Rosenheim, Stadt",2003
0.57019,"09163","Rosenheim, Stadt",2004
0.61814,"09163","Rosenheim, Stadt",2005
0.65627,"09163","Rosenheim, Stadt",2006
0.70355,"09163","Rosenheim, Stadt",2007
0.70623,"09163","Rosenheim, Stadt",2008
0.72853,"09163","Rosenheim, Stadt",2009
0.74718,"09163","Rosenheim, Stadt",2010
0.71464,"09163","Rosenheim, Stadt",2011
0.72768,"09163","Rosenheim, Stadt",2012
0.72878,"09163","Rosenheim, Stadt",2013
0.72614,"09163","Rosenheim, Stadt",2014
0.67337,"09163","Rosenheim, Stadt",2015
0.6467,"09163","Rosenheim, Stadt",2016
0.59097,"09163","Rosenheim, Stadt",2017
0.64702,"09163","Rosenheim, Stadt",2018
0.60577,"09163","Rosenheim, Stadt",2019
0.52527,"09171","Altötting",1998
0.58711,"09171","Altötting",1999
0.59586,"09171","Altötting",2000
0.65489,"09171","Altötting",2001
0.6039,"09171","Altötting",2002
0.56838,"09171","Altötting",2003
0.52959,"09171","Altötting",2004
0.51611,"09171","Altötting",2005
0.49771,"09171","Altötting",2006
0.50408,"09171","Altötting",2007
0.51301,"09171","Altötting",2008
0.53019,"09171","Altötting",2009
0.53953,"09171","Altötting",2010
0.53699,"09171","Altötting",2011
0.52312,"09171","Altötting",2012
0.55982,"09171","Altötting",2013
0.54793,"09171","Altötting",2014
0.54404,"09171","Altötting",2015
0.54712,"09171","Altötting",2016
0.51998,"09171","Altötting",2017
0.52556,"09171","Altötting",2018
0.50597,"09171","Altötting",2019
0.62485,"09172","Berchtesgadener Land",1998
0.64941,"09172","Berchtesgadener Land",1999
0.62824,"09172","Berchtesgadener Land",2000
0.71557,"09172","Berchtesgadener Land",2001
0.67105,"09172","Berchtesgadener Land",2002
0.68035,"09172","Berchtesgadener Land",2003
0.65961,"09172","Berchtesgadener Land",2004
0.66563,"09172","Berchtesgadener Land",2005
0.67186,"09172","Berchtesgadener Land",2006
0.71684,"09172","Berchtesgadener Land",2007
0.77555,"09172","Berchtesgadener Land",2008
0.75716,"09172","Berchtesgadener Land",2009
0.77293,"09172","Berchtesgadener Land",2010
0.79338,"09172","Berchtesgadener Land",2011
0.82081,"09172","Berchtesgadener Land",2012
0.80696,"09172","Berchtesgadener Land",2013
0.7926,"09172","Berchtesgadener Land",2014
0.78619,"09172","Berchtesgadener Land",2015
0.73416,"09172","Berchtesgadener Land",2016
0.68478,"09172","Berchtesgadener Land",2017
0.68821,"09172","Berchtesgadener Land",2018
0.69974,"09172","Berchtesgadener Land",2019
0.40207,"09173","Bad Tölz-Wolfratshausen",1998
0.43122,"09173","Bad Tölz-Wolfratshausen",1999
0.37377,"09173","Bad Tölz-Wolfratshausen",2000
0.41457,"09173","Bad Tölz-Wolfratshausen",2001
0.40276,"09173","Bad Tölz-Wolfratshausen",2002
0.40363,"09173","Bad Tölz-Wolfratshausen",2003
0.3951,"09173","Bad Tölz-Wolfratshausen",2004
0.38791,"09173","Bad Tölz-Wolfratshausen",2005
0.39603,"09173","Bad Tölz-Wolfratshausen",2006
0.44003,"09173","Bad Tölz-Wolfratshausen",2007
0.46025,"09173","Bad Tölz-Wolfratshausen",2008
0.46421,"09173","Bad Tölz-Wolfratshausen",2009
0.49211,"09173","Bad Tölz-Wolfratshausen",2010
0.48164,"09173","Bad Tölz-Wolfratshausen",2011
0.41309,"09173","Bad Tölz-Wolfratshausen",2012
0.46858,"09173","Bad Tölz-Wolfratshausen",2013
0.48014,"09173","Bad Tölz-Wolfratshausen",2014
0.46841,"09173","Bad Tölz-Wolfratshausen",2015
0.46101,"09173","Bad Tölz-Wolfratshausen",2016
0.4127,"09173","Bad Tölz-Wolfratshausen",2017
0.44042,"09173","Bad Tölz-Wolfratshausen",2018
0.44229,"09173","Bad Tölz-Wolfratshausen",2019
0.37772,"09174","Dachau",1998
0.41624,"09174","Dachau",1999
0.34356,"09174","Dachau",2000
0.38414,"09174","Dachau",2001
0.35352,"09174","Dachau",2002
0.33304,"09174","Dachau",2003
0.3806,"09174","Dachau",2004
0.34264,"09174","Dachau",2005
0.35819,"09174","Dachau",2006
0.41645,"09174","Dachau",2007
0.43826,"09174","Dachau",2008
0.441,"09174","Dachau",2009
0.44372,"09174","Dachau",2010
0.48056,"09174","Dachau",2011
0.47321,"09174","Dachau",2012
0.48929,"09174","Dachau",2013
0.44045,"09174","Dachau",2014
0.43113,"09174","Dachau",2015
0.3992,"09174","Dachau",2016
0.40411,"09174","Dachau",2017
0.41802,"09174","Dachau",2018
0.48228,"09174","Dachau",2019
0.19375,"09175","Ebersberg",1998
0.22559,"09175","Ebersberg",1999
0.14776,"09175","Ebersberg",2000
0.16925,"09175","Ebersberg",2001
0.19067,"09175","Ebersberg",2002
0.20665,"09175","Ebersberg",2003
0.11969,"09175","Ebersberg",2004
0.15853,"09175","Ebersberg",2005
0.16526,"09175","Ebersberg",2006
0.19692,"09175","Ebersberg",2007
0.23454,"09175","Ebersberg",2008
0.21875,"09175","Ebersberg",2009
0.25447,"09175","Ebersberg",2010
0.28261,"09175","Ebersberg",2011
0.27193,"09175","Ebersberg",2012
0.31684,"09175","Ebersberg",2013
0.26562,"09175","Ebersberg",2014
0.28395,"09175","Ebersberg",2015
0.27028,"09175","Ebersberg",2016
0.28524,"09175","Ebersberg",2017
0.29838,"09175","Ebersberg",2018
0.26953,"09175","Ebersberg",2019
0.44236,"09176","Eichstätt",1998
0.45884,"09176","Eichstätt",1999
0.4822,"09176","Eichstätt",2000
0.50678,"09176","Eichstätt",2001
0.55956,"09176","Eichstätt",2002
0.51079,"09176","Eichstätt",2003
0.42051,"09176","Eichstätt",2004
0.42275,"09176","Eichstätt",2005
0.42045,"09176","Eichstätt",2006
0.48085,"09176","Eichstätt",2007
0.49548,"09176","Eichstätt",2008
0.4933,"09176","Eichstätt",2009
0.48911,"09176","Eichstätt",2010
0.49142,"09176","Eichstätt",2011
0.45211,"09176","Eichstätt",2012
0.43998,"09176","Eichstätt",2013
0.41912,"09176","Eichstätt",2014
0.396,"09176","Eichstätt",2015
0.37341,"09176","Eichstätt",2016
0.345,"09176","Eichstätt",2017
0.35827,"09176","Eichstätt",2018
0.37265,"09176","Eichstätt",2019
0.41711,"09177","Erding",1998
0.45381,"09177","Erding",1999
0.47148,"09177","Erding",2000
0.4608,"09177","Erding",2001
0.42982,"09177","Erding",2002
0.43945,"09177","Erding",2003
0.41116,"09177","Erding",2004
0.415,"09177","Erding",2005
0.41029,"09177","Erding",2006
0.48248,"09177","Erding",2007
0.49477,"09177","Erding",2008
0.49361,"09177","Erding",2009
0.4961,"09177","Erding",2010
0.52338,"09177","Erding",2011
0.4897,"09177","Erding",2012
0.50292,"09177","Erding",2013
0.48615,"09177","Erding",2014
0.49055,"09177","Erding",2015
0.46597,"09177","Erding",2016
0.41189,"09177","Erding",2017
0.43649,"09177","Erding",2018
0.43864,"09177","Erding",2019
0.39403,"09178","Freising",1998
0.39384,"09178","Freising",1999
0.41524,"09178","Freising",2000
0.40507,"09178","Freising",2001
0.3738,"09178","Freising",2002
0.3979,"09178","Freising",2003
0.35556,"09178","Freising",2004
0.36049,"09178","Freising",2005
0.36422,"09178","Freising",2006
0.4328,"09178","Freising",2007
0.38556,"09178","Freising",2008
0.35953,"09178","Freising",2009
0.36561,"09178","Freising",2010
0.36639,"09178","Freising",2011
0.35584,"09178","Freising",2012
0.37946,"09178","Freising",2013
0.37189,"09178","Freising",2014
0.38791,"09178","Freising",2015
0.35484,"09178","Freising",2016
0.39799,"09178","Freising",2017
0.36713,"09178","Freising",2018
0.36595,"09178","Freising",2019
0.29264,"09179","Fürstenfeldbruck",1998
0.30225,"09179","Fürstenfeldbruck",1999
0.27338,"09179","Fürstenfeldbruck",2000
0.28071,"09179","Fürstenfeldbruck",2001
0.23382,"09179","Fürstenfeldbruck",2002
0.24925,"09179","Fürstenfeldbruck",2003
0.23795,"09179","Fürstenfeldbruck",2004
0.24139,"09179","Fürstenfeldbruck",2005
0.27763,"09179","Fürstenfeldbruck",2006
0.33618,"09179","Fürstenfeldbruck",2007
0.33605,"09179","Fürstenfeldbruck",2008
0.34731,"09179","Fürstenfeldbruck",2009
0.33406,"09179","Fürstenfeldbruck",2010
0.35074,"09179","Fürstenfeldbruck",2011
0.35876,"09179","Fürstenfeldbruck",2012
0.35897,"09179","Fürstenfeldbruck",2013
0.36174,"09179","Fürstenfeldbruck",2014
0.35256,"09179","Fürstenfeldbruck",2015
0.35409,"09179","Fürstenfeldbruck",2016
0.31784,"09179","Fürstenfeldbruck",2017
0.32529,"09179","Fürstenfeldbruck",2018
0.34453,"09179","Fürstenfeldbruck",2019
0.54993,"09180","Garmisch-Partenkirchen",1998
0.54401,"09180","Garmisch-Partenkirchen",1999
0.52789,"09180","Garmisch-Partenkirchen",2000
0.55445,"09180","Garmisch-Partenkirchen",2001
0.55751,"09180","Garmisch-Partenkirchen",2002
0.5606,"09180","Garmisch-Partenkirchen",2003
0.54708,"09180","Garmisch-Partenkirchen",2004
0.56241,"09180","Garmisch-Partenkirchen",2005
0.54855,"09180","Garmisch-Partenkirchen",2006
0.62865,"09180","Garmisch-Partenkirchen",2007
0.65857,"09180","Garmisch-Partenkirchen",2008
0.6275,"09180","Garmisch-Partenkirchen",2009
0.63522,"09180","Garmisch-Partenkirchen",2010
0.65147,"09180","Garmisch-Partenkirchen",2011
0.64002,"09180","Garmisch-Partenkirchen",2012
0.65428,"09180","Garmisch-Partenkirchen",2013
0.62906,"09180","Garmisch-Partenkirchen",2014
0.65143,"09180","Garmisch-Partenkirchen",2015
0.60882,"09180","Garmisch-Partenkirchen",2016
0.56274,"09180","Garmisch-Partenkirchen",2017
0.57243,"09180","Garmisch-Partenkirchen",2018
0.54456,"09180","Garmisch-Partenkirchen",2019
0.4261,"09181","Landsberg am Lech",1998
0.41633,"09181","Landsberg am Lech",1999
0.41333,"09181","Landsberg am Lech",2000
0.44028,"09181","Landsberg am Lech",2001
0.46453,"09181","Landsberg am Lech",2002
0.4955,"09181","Landsberg am Lech",2003
0.45999,"09181","Landsberg am Lech",2004
0.48054,"09181","Landsberg am Lech",2005
0.45038,"09181","Landsberg am Lech",2006
0.5065,"09181","Landsberg am Lech",2007
0.48884,"09181","Landsberg am Lech",2008
0.52089,"09181","Landsberg am Lech",2009
0.52826,"09181","Landsberg am Lech",2010
0.504,"09181","Landsberg am Lech",2011
0.47872,"09181","Landsberg am Lech",2012
0.49432,"09181","Landsberg am Lech",2013
0.46865,"09181","Landsberg am Lech",2014
0.47199,"09181","Landsberg am Lech",2015
0.44564,"09181","Landsberg am Lech",2016
0.39583,"09181","Landsberg am Lech",2017
0.42667,"09181","Landsberg am Lech",2018
0.42795,"09181","Landsberg am Lech",2019
0.31856,"09182","Miesbach",1998
0.35835,"09182","Miesbach",1999
0.32697,"09182","Miesbach",2000
0.378,"09182","Miesbach",2001
0.35636,"09182","Miesbach",2002
0.38021,"09182","Miesbach",2003
0.37717,"09182","Miesbach",2004
0.45455,"09182","Miesbach",2005
0.35695,"09182","Miesbach",2006
0.38456,"09182","Miesbach",2007
0.41356,"09182","Miesbach",2008
0.44604,"09182","Miesbach",2009
0.46249,"09182","Miesbach",2010
0.46072,"09182","Miesbach",2011
0.41916,"09182","Miesbach",2012
0.40233,"09182","Miesbach",2013
0.40661,"09182","Miesbach",2014
0.4126,"09182","Miesbach",2015
0.36581,"09182","Miesbach",2016
0.34367,"09182","Miesbach",2017
0.32682,"09182","Miesbach",2018
0.30364,"09182","Miesbach",2019
0.73091,"09183","Mühldorf a.Inn",1998
0.77776,"09183","Mühldorf a.Inn",1999
0.75376,"09183","Mühldorf a.Inn",2000
0.7942,"09183","Mühldorf a.Inn",2001
0.88655,"09183","Mühldorf a.Inn",2002
0.74998,"09183","Mühldorf a.Inn",2003
0.71687,"09183","Mühldorf a.Inn",2004
0.71074,"09183","Mühldorf a.Inn",2005
0.68745,"09183","Mühldorf a.Inn",2006
0.75013,"09183","Mühldorf a.Inn",2007
0.76164,"09183","Mühldorf a.Inn",2008
0.76134,"09183","Mühldorf a.Inn",2009
0.7681,"09183","Mühldorf a.Inn",2010
0.76281,"09183","Mühldorf a.Inn",2011
0.69485,"09183","Mühldorf a.Inn",2012
0.73513,"09183","Mühldorf a.Inn",2013
0.70965,"09183","Mühldorf a.Inn",2014
0.71828,"09183","Mühldorf a.Inn",2015
0.69425,"09183","Mühldorf a.Inn",2016
0.6552,"09183","Mühldorf a.Inn",2017
0.68619,"09183","Mühldorf a.Inn",2018
0.66071,"09183","Mühldorf a.Inn",2019
0,"09184","München",1998
0,"09184","München",1999
0,"09184","München",2000
0,"09184","München",2001
0,"09184","München",2002
0,"09184","München",2003
0,"09184","München",2004
0,"09184","München",2005
0,"09184","München",2006
0,"09184","München",2007
0,"09184","München",2008
0,"09184","München",2009
0,"09184","München",2010
0,"09184","München",2011
0,"09184","München",2012
0,"09184","München",2013
0,"09184","München",2014
0,"09184","München",2015
0,"09184","München",2016
0,"09184","München",2017
0,"09184","München",2018
0,"09184","München",2019
0.6454,"09185","Neuburg-Schrobenhausen",1998
0.63791,"09185","Neuburg-Schrobenhausen",1999
0.65588,"09185","Neuburg-Schrobenhausen",2000
0.64158,"09185","Neuburg-Schrobenhausen",2001
0.6218,"09185","Neuburg-Schrobenhausen",2002
0.60182,"09185","Neuburg-Schrobenhausen",2003
0.55502,"09185","Neuburg-Schrobenhausen",2004
0.57561,"09185","Neuburg-Schrobenhausen",2005
0.57246,"09185","Neuburg-Schrobenhausen",2006
0.60262,"09185","Neuburg-Schrobenhausen",2007
0.6272,"09185","Neuburg-Schrobenhausen",2008
0.63861,"09185","Neuburg-Schrobenhausen",2009
0.65731,"09185","Neuburg-Schrobenhausen",2010
0.66683,"09185","Neuburg-Schrobenhausen",2011
0.68971,"09185","Neuburg-Schrobenhausen",2012
0.64722,"09185","Neuburg-Schrobenhausen",2013
0.60758,"09185","Neuburg-Schrobenhausen",2014
0.60607,"09185","Neuburg-Schrobenhausen",2015
0.57974,"09185","Neuburg-Schrobenhausen",2016
0.65067,"09185","Neuburg-Schrobenhausen",2017
0.5944,"09185","Neuburg-Schrobenhausen",2018
0.5841,"09185","Neuburg-Schrobenhausen",2019
0.46108,"09186","Pfaffenhofen a.d.Ilm",1998
0.47628,"09186","Pfaffenhofen a.d.Ilm",1999
0.53594,"09186","Pfaffenhofen a.d.Ilm",2000
0.53522,"09186","Pfaffenhofen a.d.Ilm",2001
0.53986,"09186","Pfaffenhofen a.d.Ilm",2002
0.53745,"09186","Pfaffenhofen a.d.Ilm",2003
0.50249,"09186","Pfaffenhofen a.d.Ilm",2004
0.46928,"09186","Pfaffenhofen a.d.Ilm",2005
0.44184,"09186","Pfaffenhofen a.d.Ilm",2006
0.50676,"09186","Pfaffenhofen a.d.Ilm",2007
0.55785,"09186","Pfaffenhofen a.d.Ilm",2008
0.54262,"09186","Pfaffenhofen a.d.Ilm",2009
0.45143,"09186","Pfaffenhofen a.d.Ilm",2010
0.4698,"09186","Pfaffenhofen a.d.Ilm",2011
0.44329,"09186","Pfaffenhofen a.d.Ilm",2012
0.46495,"09186","Pfaffenhofen a.d.Ilm",2013
0.40214,"09186","Pfaffenhofen a.d.Ilm",2014
0.41518,"09186","Pfaffenhofen a.d.Ilm",2015
0.38978,"09186","Pfaffenhofen a.d.Ilm",2016
0.38807,"09186","Pfaffenhofen a.d.Ilm",2017
0.41137,"09186","Pfaffenhofen a.d.Ilm",2018
0.41575,"09186","Pfaffenhofen a.d.Ilm",2019
0.47155,"09187","Rosenheim",1998
0.52148,"09187","Rosenheim",1999
0.50197,"09187","Rosenheim",2000
0.55266,"09187","Rosenheim",2001
0.54354,"09187","Rosenheim",2002
0.53424,"09187","Rosenheim",2003
0.48426,"09187","Rosenheim",2004
0.48142,"09187","Rosenheim",2005
0.45891,"09187","Rosenheim",2006
0.48321,"09187","Rosenheim",2007
0.52609,"09187","Rosenheim",2008
0.55969,"09187","Rosenheim",2009
0.58403,"09187","Rosenheim",2010
0.57466,"09187","Rosenheim",2011
0.56967,"09187","Rosenheim",2012
0.56741,"09187","Rosenheim",2013
0.52286,"09187","Rosenheim",2014
0.51647,"09187","Rosenheim",2015
0.48315,"09187","Rosenheim",2016
0.47821,"09187","Rosenheim",2017
0.47105,"09187","Rosenheim",2018
0.46147,"09187","Rosenheim",2019
0.07944,"09188","Starnberg",1998
0.09705,"09188","Starnberg",1999
0.03884,"09188","Starnberg",2000
0.06989,"09188","Starnberg",2001
0.04272,"09188","Starnberg",2002
0.08367,"09188","Starnberg",2003
0.02421,"09188","Starnberg",2004
0.03705,"09188","Starnberg",2005
0.03183,"09188","Starnberg",2006
0.05715,"09188","Starnberg",2007
0.12111,"09188","Starnberg",2008
0.11647,"09188","Starnberg",2009
0.12224,"09188","Starnberg",2010
0.10798,"09188","Starnberg",2011
0.07267,"09188","Starnberg",2012
0.10336,"09188","Starnberg",2013
0.06492,"09188","Starnberg",2014
0.06681,"09188","Starnberg",2015
0.05831,"09188","Starnberg",2016
0.03848,"09188","Starnberg",2017
0.03365,"09188","Starnberg",2018
0.06317,"09188","Starnberg",2019
0.53035,"09189","Traunstein",1998
0.55694,"09189","Traunstein",1999
0.58097,"09189","Traunstein",2000
0.64687,"09189","Traunstein",2001
0.61418,"09189","Traunstein",2002
0.60141,"09189","Traunstein",2003
0.57791,"09189","Traunstein",2004
0.5534,"09189","Traunstein",2005
0.55206,"09189","Traunstein",2006
0.59686,"09189","Traunstein",2007
0.61013,"09189","Traunstein",2008
0.63144,"09189","Traunstein",2009
0.60956,"09189","Traunstein",2010
0.64095,"09189","Traunstein",2011
0.62162,"09189","Traunstein",2012
0.61627,"09189","Traunstein",2013
0.57956,"09189","Traunstein",2014
0.60481,"09189","Traunstein",2015
0.55901,"09189","Traunstein",2016
0.51235,"09189","Traunstein",2017
0.54199,"09189","Traunstein",2018
0.52596,"09189","Traunstein",2019
0.48675,"09190","Weilheim-Schongau",1998
0.51159,"09190","Weilheim-Schongau",1999
0.53376,"09190","Weilheim-Schongau",2000
0.56993,"09190","Weilheim-Schongau",2001
0.54054,"09190","Weilheim-Schongau",2002
0.52401,"09190","Weilheim-Schongau",2003
0.49651,"09190","Weilheim-Schongau",2004
0.49179,"09190","Weilheim-Schongau",2005
0.51014,"09190","Weilheim-Schongau",2006
0.5174,"09190","Weilheim-Schongau",2007
0.53644,"09190","Weilheim-Schongau",2008
0.52975,"09190","Weilheim-Schongau",2009
0.519,"09190","Weilheim-Schongau",2010
0.55113,"09190","Weilheim-Schongau",2011
0.55105,"09190","Weilheim-Schongau",2012
0.54903,"09190","Weilheim-Schongau",2013
0.5299,"09190","Weilheim-Schongau",2014
0.5441,"09190","Weilheim-Schongau",2015
0.48976,"09190","Weilheim-Schongau",2016
0.46951,"09190","Weilheim-Schongau",2017
0.52096,"09190","Weilheim-Schongau",2018
0.50223,"09190","Weilheim-Schongau",2019
0.58702,"09261","Landshut, Stadt",1998
0.61108,"09261","Landshut, Stadt",1999
0.55693,"09261","Landshut, Stadt",2000
0.55755,"09261","Landshut, Stadt",2001
0.58243,"09261","Landshut, Stadt",2002
0.53457,"09261","Landshut, Stadt",2003
0.50239,"09261","Landshut, Stadt",2004
0.53333,"09261","Landshut, Stadt",2005
0.5746,"09261","Landshut, Stadt",2006
0.59458,"09261","Landshut, Stadt",2007
0.60977,"09261","Landshut, Stadt",2008
0.59638,"09261","Landshut, Stadt",2009
0.6337,"09261","Landshut, Stadt",2010
0.64528,"09261","Landshut, Stadt",2011
0.6222,"09261","Landshut, Stadt",2012
0.59626,"09261","Landshut, Stadt",2013
0.61508,"09261","Landshut, Stadt",2014
0.59865,"09261","Landshut, Stadt",2015
0.56047,"09261","Landshut, Stadt",2016
0.51059,"09261","Landshut, Stadt",2017
0.53751,"09261","Landshut, Stadt",2018
0.57796,"09261","Landshut, Stadt",2019
0.65529,"09262","Passau, Stadt",1998
0.66235,"09262","Passau, Stadt",1999
0.66578,"09262","Passau, Stadt",2000
0.63806,"09262","Passau, Stadt",2001
0.65634,"09262","Passau, Stadt",2002
0.66817,"09262","Passau, Stadt",2003
0.60535,"09262","Passau, Stadt",2004
0.68101,"09262","Passau, Stadt",2005
0.69944,"09262","Passau, Stadt",2006
0.712,"09262","Passau, Stadt",2007
0.74758,"09262","Passau, Stadt",2008
0.74791,"09262","Passau, Stadt",2009
0.76197,"09262","Passau, Stadt",2010
0.77732,"09262","Passau, Stadt",2011
0.70564,"09262","Passau, Stadt",2012
0.71838,"09262","Passau, Stadt",2013
0.70727,"09262","Passau, Stadt",2014
0.73935,"09262","Passau, Stadt",2015
0.71689,"09262","Passau, Stadt",2016
0.66422,"09262","Passau, Stadt",2017
0.70128,"09262","Passau, Stadt",2018
0.71056,"09262","Passau, Stadt",2019
0.79192,"09263","Straubing, Stadt",1998
0.80919,"09263","Straubing, Stadt",1999
0.81708,"09263","Straubing, Stadt",2000
0.8667,"09263","Straubing, Stadt",2001
0.80172,"09263","Straubing, Stadt",2002
0.77103,"09263","Straubing, Stadt",2003
0.7434,"09263","Straubing, Stadt",2004
0.78524,"09263","Straubing, Stadt",2005
0.79688,"09263","Straubing, Stadt",2006
0.78971,"09263","Straubing, Stadt",2007
0.85479,"09263","Straubing, Stadt",2008
0.86412,"09263","Straubing, Stadt",2009
0.86355,"09263","Straubing, Stadt",2010
0.86298,"09263","Straubing, Stadt",2011
0.84852,"09263","Straubing, Stadt",2012
0.87388,"09263","Straubing, Stadt",2013
0.83047,"09263","Straubing, Stadt",2014
0.90269,"09263","Straubing, Stadt",2015
0.86776,"09263","Straubing, Stadt",2016
0.77397,"09263","Straubing, Stadt",2017
0.82629,"09263","Straubing, Stadt",2018
0.80988,"09263","Straubing, Stadt",2019
0.66929,"09271","Deggendorf",1998
0.7275,"09271","Deggendorf",1999
0.77579,"09271","Deggendorf",2000
0.77904,"09271","Deggendorf",2001
0.81429,"09271","Deggendorf",2002
0.78104,"09271","Deggendorf",2003
0.74355,"09271","Deggendorf",2004
0.72217,"09271","Deggendorf",2005
0.72194,"09271","Deggendorf",2006
0.73362,"09271","Deggendorf",2007
0.76684,"09271","Deggendorf",2008
0.76315,"09271","Deggendorf",2009
0.77902,"09271","Deggendorf",2010
0.7542,"09271","Deggendorf",2011
0.74356,"09271","Deggendorf",2012
0.75449,"09271","Deggendorf",2013
0.71264,"09271","Deggendorf",2014
0.71106,"09271","Deggendorf",2015
0.70423,"09271","Deggendorf",2016
0.67191,"09271","Deggendorf",2017
0.63334,"09271","Deggendorf",2018
0.6454,"09271","Deggendorf",2019
0.87437,"09272","Freyung-Grafenau",1998
0.9083,"09272","Freyung-Grafenau",1999
0.92218,"09272","Freyung-Grafenau",2000
0.91691,"09272","Freyung-Grafenau",2001
0.97251,"09272","Freyung-Grafenau",2002
1,"09272","Freyung-Grafenau",2003
0.93068,"09272","Freyung-Grafenau",2004
0.92272,"09272","Freyung-Grafenau",2005
0.90088,"09272","Freyung-Grafenau",2006
0.90806,"09272","Freyung-Grafenau",2007
0.95103,"09272","Freyung-Grafenau",2008
0.97952,"09272","Freyung-Grafenau",2009
0.96433,"09272","Freyung-Grafenau",2010
1,"09272","Freyung-Grafenau",2011
0.9355,"09272","Freyung-Grafenau",2012
0.92751,"09272","Freyung-Grafenau",2013
0.91497,"09272","Freyung-Grafenau",2014
0.85998,"09272","Freyung-Grafenau",2015
0.82668,"09272","Freyung-Grafenau",2016
0.76382,"09272","Freyung-Grafenau",2017
0.77467,"09272","Freyung-Grafenau",2018
0.7783,"09272","Freyung-Grafenau",2019
0.66365,"09273","Kelheim",1998
0.67943,"09273","Kelheim",1999
0.73904,"09273","Kelheim",2000
0.75677,"09273","Kelheim",2001
0.70207,"09273","Kelheim",2002
0.64562,"09273","Kelheim",2003
0.63796,"09273","Kelheim",2004
0.60138,"09273","Kelheim",2005
0.59299,"09273","Kelheim",2006
0.67714,"09273","Kelheim",2007
0.65203,"09273","Kelheim",2008
0.69684,"09273","Kelheim",2009
0.69689,"09273","Kelheim",2010
0.70375,"09273","Kelheim",2011
0.71281,"09273","Kelheim",2012
0.69592,"09273","Kelheim",2013
0.65655,"09273","Kelheim",2014
0.67537,"09273","Kelheim",2015
0.65106,"09273","Kelheim",2016
0.6681,"09273","Kelheim",2017
0.66217,"09273","Kelheim",2018
0.65541,"09273","Kelheim",2019
0.50008,"09274","Landshut",1998
0.52175,"09274","Landshut",1999
0.55122,"09274","Landshut",2000
0.57844,"09274","Landshut",2001
0.55668,"09274","Landshut",2002
0.5772,"09274","Landshut",2003
0.53355,"09274","Landshut",2004
0.55162,"09274","Landshut",2005
0.51937,"09274","Landshut",2006
0.53896,"09274","Landshut",2007
0.57815,"09274","Landshut",2008
0.60207,"09274","Landshut",2009
0.58251,"09274","Landshut",2010
0.58783,"09274","Landshut",2011
0.54455,"09274","Landshut",2012
0.57339,"09274","Landshut",2013
0.56548,"09274","Landshut",2014
0.56339,"09274","Landshut",2015
0.5402,"09274","Landshut",2016
0.52761,"09274","Landshut",2017
0.52526,"09274","Landshut",2018
0.5346,"09274","Landshut",2019
0.77376,"09275","Passau",1998
0.84451,"09275","Passau",1999
0.84187,"09275","Passau",2000
0.86941,"09275","Passau",2001
0.90611,"09275","Passau",2002
0.83264,"09275","Passau",2003
0.78427,"09275","Passau",2004
0.79279,"09275","Passau",2005
0.77239,"09275","Passau",2006
0.81103,"09275","Passau",2007
0.83261,"09275","Passau",2008
0.84397,"09275","Passau",2009
0.85218,"09275","Passau",2010
0.87972,"09275","Passau",2011
0.84903,"09275","Passau",2012
0.84692,"09275","Passau",2013
0.81041,"09275","Passau",2014
0.80648,"09275","Passau",2015
0.78503,"09275","Passau",2016
0.7464,"09275","Passau",2017
0.774,"09275","Passau",2018
0.75259,"09275","Passau",2019
0.83494,"09276","Regen",1998
0.88876,"09276","Regen",1999
0.87064,"09276","Regen",2000
0.88323,"09276","Regen",2001
0.92303,"09276","Regen",2002
0.90823,"09276","Regen",2003
0.88682,"09276","Regen",2004
0.84304,"09276","Regen",2005
0.85836,"09276","Regen",2006
0.86629,"09276","Regen",2007
0.92919,"09276","Regen",2008
0.95948,"09276","Regen",2009
0.94103,"09276","Regen",2010
0.90672,"09276","Regen",2011
0.85221,"09276","Regen",2012
0.87146,"09276","Regen",2013
0.81179,"09276","Regen",2014
0.85292,"09276","Regen",2015
0.81587,"09276","Regen",2016
0.79207,"09276","Regen",2017
0.76912,"09276","Regen",2018
0.73916,"09276","Regen",2019
0.68826,"09277","Rottal-Inn",1998
0.78923,"09277","Rottal-Inn",1999
0.75782,"09277","Rottal-Inn",2000
0.82928,"09277","Rottal-Inn",2001
0.78914,"09277","Rottal-Inn",2002
0.80927,"09277","Rottal-Inn",2003
0.78085,"09277","Rottal-Inn",2004
0.76435,"09277","Rottal-Inn",2005
0.75936,"09277","Rottal-Inn",2006
0.81236,"09277","Rottal-Inn",2007
0.84065,"09277","Rottal-Inn",2008
0.83585,"09277","Rottal-Inn",2009
0.80182,"09277","Rottal-Inn",2010
0.84225,"09277","Rottal-Inn",2011
0.81684,"09277","Rottal-Inn",2012
0.79754,"09277","Rottal-Inn",2013
0.78622,"09277","Rottal-Inn",2014
0.77421,"09277","Rottal-Inn",2015
0.7484,"09277","Rottal-Inn",2016
0.70816,"09277","Rottal-Inn",2017
0.74781,"09277","Rottal-Inn",2018
0.73802,"09277","Rottal-Inn",2019
0.66409,"09278","Straubing-Bogen",1998
0.68844,"09278","Straubing-Bogen",1999
0.71119,"09278","Straubing-Bogen",2000
0.76921,"09278","Straubing-Bogen",2001
0.73692,"09278","Straubing-Bogen",2002
0.74466,"09278","Straubing-Bogen",2003
0.655,"09278","Straubing-Bogen",2004
0.66913,"09278","Straubing-Bogen",2005
0.6443,"09278","Straubing-Bogen",2006
0.71614,"09278","Straubing-Bogen",2007
0.7312,"09278","Straubing-Bogen",2008
0.76279,"09278","Straubing-Bogen",2009
0.77992,"09278","Straubing-Bogen",2010
0.76182,"09278","Straubing-Bogen",2011
0.7322,"09278","Straubing-Bogen",2012
0.6899,"09278","Straubing-Bogen",2013
0.69733,"09278","Straubing-Bogen",2014
0.6764,"09278","Straubing-Bogen",2015
0.6789,"09278","Straubing-Bogen",2016
0.62991,"09278","Straubing-Bogen",2017
0.61936,"09278","Straubing-Bogen",2018
0.62054,"09278","Straubing-Bogen",2019
0.56649,"09279","Dingolfing-Landau",1998
0.60212,"09279","Dingolfing-Landau",1999
0.65883,"09279","Dingolfing-Landau",2000
0.61891,"09279","Dingolfing-Landau",2001
0.60734,"09279","Dingolfing-Landau",2002
0.58987,"09279","Dingolfing-Landau",2003
0.55405,"09279","Dingolfing-Landau",2004
0.51534,"09279","Dingolfing-Landau",2005
0.49959,"09279","Dingolfing-Landau",2006
0.54582,"09279","Dingolfing-Landau",2007
0.61769,"09279","Dingolfing-Landau",2008
0.62286,"09279","Dingolfing-Landau",2009
0.62875,"09279","Dingolfing-Landau",2010
0.64624,"09279","Dingolfing-Landau",2011
0.59491,"09279","Dingolfing-Landau",2012
0.60368,"09279","Dingolfing-Landau",2013
0.579,"09279","Dingolfing-Landau",2014
0.54424,"09279","Dingolfing-Landau",2015
0.52721,"09279","Dingolfing-Landau",2016
0.50161,"09279","Dingolfing-Landau",2017
0.51202,"09279","Dingolfing-Landau",2018
0.53517,"09279","Dingolfing-Landau",2019
0.82946,"09361","Amberg, Stadt",1998
0.88964,"09361","Amberg, Stadt",1999
0.89262,"09361","Amberg, Stadt",2000
0.93349,"09361","Amberg, Stadt",2001
0.90581,"09361","Amberg, Stadt",2002
0.9131,"09361","Amberg, Stadt",2003
0.84579,"09361","Amberg, Stadt",2004
0.77852,"09361","Amberg, Stadt",2005
0.8167,"09361","Amberg, Stadt",2006
0.78468,"09361","Amberg, Stadt",2007
0.8444,"09361","Amberg, Stadt",2008
0.86279,"09361","Amberg, Stadt",2009
0.83264,"09361","Amberg, Stadt",2010
0.82817,"09361","Amberg, Stadt",2011
0.79968,"09361","Amberg, Stadt",2012
0.86606,"09361","Amberg, Stadt",2013
0.76386,"09361","Amberg, Stadt",2014
0.77204,"09361","Amberg, Stadt",2015
0.80689,"09361","Amberg, Stadt",2016
0.73872,"09361","Amberg, Stadt",2017
0.73558,"09361","Amberg, Stadt",2018
0.72877,"09361","Amberg, Stadt",2019
0.484,"09362","Regensburg, Stadt",1998
0.50805,"09362","Regensburg, Stadt",1999
0.48901,"09362","Regensburg, Stadt",2000
0.5465,"09362","Regensburg, Stadt",2001
0.50834,"09362","Regensburg, Stadt",2002
0.49443,"09362","Regensburg, Stadt",2003
0.44166,"09362","Regensburg, Stadt",2004
0.44947,"09362","Regensburg, Stadt",2005
0.44794,"09362","Regensburg, Stadt",2006
0.44761,"09362","Regensburg, Stadt",2007
0.47639,"09362","Regensburg, Stadt",2008
0.47522,"09362","Regensburg, Stadt",2009
0.48357,"09362","Regensburg, Stadt",2010
0.46853,"09362","Regensburg, Stadt",2011
0.44235,"09362","Regensburg, Stadt",2012
0.4653,"09362","Regensburg, Stadt",2013
0.42639,"09362","Regensburg, Stadt",2014
0.3974,"09362","Regensburg, Stadt",2015
0.36489,"09362","Regensburg, Stadt",2016
0.33848,"09362","Regensburg, Stadt",2017
0.36094,"09362","Regensburg, Stadt",2018
0.40984,"09362","Regensburg, Stadt",2019
0.82855,"09363","Weiden i.d.OPf., Stadt",1998
0.84804,"09363","Weiden i.d.OPf., Stadt",1999
0.7842,"09363","Weiden i.d.OPf., Stadt",2000
0.84216,"09363","Weiden i.d.OPf., Stadt",2001
0.79129,"09363","Weiden i.d.OPf., Stadt",2002
0.8428,"09363","Weiden i.d.OPf., Stadt",2003
0.79283,"09363","Weiden i.d.OPf., Stadt",2004
0.8536,"09363","Weiden i.d.OPf., Stadt",2005
0.83846,"09363","Weiden i.d.OPf., Stadt",2006
0.90726,"09363","Weiden i.d.OPf., Stadt",2007
0.90844,"09363","Weiden i.d.OPf., Stadt",2008
0.95218,"09363","Weiden i.d.OPf., Stadt",2009
0.93412,"09363","Weiden i.d.OPf., Stadt",2010
0.99582,"09363","Weiden i.d.OPf., Stadt",2011
0.94483,"09363","Weiden i.d.OPf., Stadt",2012
0.9837,"09363","Weiden i.d.OPf., Stadt",2013
0.95011,"09363","Weiden i.d.OPf., Stadt",2014
0.89137,"09363","Weiden i.d.OPf., Stadt",2015
0.84519,"09363","Weiden i.d.OPf., Stadt",2016
0.82897,"09363","Weiden i.d.OPf., Stadt",2017
0.84894,"09363","Weiden i.d.OPf., Stadt",2018
0.82874,"09363","Weiden i.d.OPf., Stadt",2019
0.69505,"09371","Amberg-Sulzbach",1998
0.74116,"09371","Amberg-Sulzbach",1999
0.77399,"09371","Amberg-Sulzbach",2000
0.76687,"09371","Amberg-Sulzbach",2001
0.7126,"09371","Amberg-Sulzbach",2002
0.76488,"09371","Amberg-Sulzbach",2003
0.68168,"09371","Amberg-Sulzbach",2004
0.69172,"09371","Amberg-Sulzbach",2005
0.66316,"09371","Amberg-Sulzbach",2006
0.67101,"09371","Amberg-Sulzbach",2007
0.73558,"09371","Amberg-Sulzbach",2008
0.7733,"09371","Amberg-Sulzbach",2009
0.74799,"09371","Amberg-Sulzbach",2010
0.76589,"09371","Amberg-Sulzbach",2011
0.69288,"09371","Amberg-Sulzbach",2012
0.70061,"09371","Amberg-Sulzbach",2013
0.66032,"09371","Amberg-Sulzbach",2014
0.65684,"09371","Amberg-Sulzbach",2015
0.65294,"09371","Amberg-Sulzbach",2016
0.61933,"09371","Amberg-Sulzbach",2017
0.63854,"09371","Amberg-Sulzbach",2018
0.61936,"09371","Amberg-Sulzbach",2019
0.75669,"09372","Cham",1998
0.77784,"09372","Cham",1999
0.80908,"09372","Cham",2000
0.83875,"09372","Cham",2001
0.85623,"09372","Cham",2002
0.83865,"09372","Cham",2003
0.79298,"09372","Cham",2004
0.78691,"09372","Cham",2005
0.79893,"09372","Cham",2006
0.80613,"09372","Cham",2007
0.8288,"09372","Cham",2008
0.84566,"09372","Cham",2009
0.82894,"09372","Cham",2010
0.83162,"09372","Cham",2011
0.78888,"09372","Cham",2012
0.79746,"09372","Cham",2013
0.76349,"09372","Cham",2014
0.78206,"09372","Cham",2015
0.72422,"09372","Cham",2016
0.76291,"09372","Cham",2017
0.6963,"09372","Cham",2018
0.70148,"09372","Cham",2019
0.60013,"09373","Neumarkt i.d.OPf.",1998
0.61245,"09373","Neumarkt i.d.OPf.",1999
0.63056,"09373","Neumarkt i.d.OPf.",2000
0.70289,"09373","Neumarkt i.d.OPf.",2001
0.64989,"09373","Neumarkt i.d.OPf.",2002
0.65556,"09373","Neumarkt i.d.OPf.",2003
0.6182,"09373","Neumarkt i.d.OPf.",2004
0.62645,"09373","Neumarkt i.d.OPf.",2005
0.59095,"09373","Neumarkt i.d.OPf.",2006
0.64717,"09373","Neumarkt i.d.OPf.",2007
0.64256,"09373","Neumarkt i.d.OPf.",2008
0.65588,"09373","Neumarkt i.d.OPf.",2009
0.66074,"09373","Neumarkt i.d.OPf.",2010
0.65918,"09373","Neumarkt i.d.OPf.",2011
0.64938,"09373","Neumarkt i.d.OPf.",2012
0.62451,"09373","Neumarkt i.d.OPf.",2013
0.60864,"09373","Neumarkt i.d.OPf.",2014
0.58732,"09373","Neumarkt i.d.OPf.",2015
0.54293,"09373","Neumarkt i.d.OPf.",2016
0.4987,"09373","Neumarkt i.d.OPf.",2017
0.52552,"09373","Neumarkt i.d.OPf.",2018
0.52353,"09373","Neumarkt i.d.OPf.",2019
0.72704,"09374","Neustadt a.d.Waldnaab",1998
0.77621,"09374","Neustadt a.d.Waldnaab",1999
0.76096,"09374","Neustadt a.d.Waldnaab",2000
0.80015,"09374","Neustadt a.d.Waldnaab",2001
0.83673,"09374","Neustadt a.d.Waldnaab",2002
0.79018,"09374","Neustadt a.d.Waldnaab",2003
0.71323,"09374","Neustadt a.d.Waldnaab",2004
0.77313,"09374","Neustadt a.d.Waldnaab",2005
0.77438,"09374","Neustadt a.d.Waldnaab",2006
0.8109,"09374","Neustadt a.d.Waldnaab",2007
0.8715,"09374","Neustadt a.d.Waldnaab",2008
0.87771,"09374","Neustadt a.d.Waldnaab",2009
0.86491,"09374","Neustadt a.d.Waldnaab",2010
0.89527,"09374","Neustadt a.d.Waldnaab",2011
0.84554,"09374","Neustadt a.d.Waldnaab",2012
0.82628,"09374","Neustadt a.d.Waldnaab",2013
0.80845,"09374","Neustadt a.d.Waldnaab",2014
0.80781,"09374","Neustadt a.d.Waldnaab",2015
0.73396,"09374","Neustadt a.d.Waldnaab",2016
0.78247,"09374","Neustadt a.d.Waldnaab",2017
0.7568,"09374","Neustadt a.d.Waldnaab",2018
0.72152,"09374","Neustadt a.d.Waldnaab",2019
0.52832,"09375","Regensburg",1998
0.56565,"09375","Regensburg",1999
0.57186,"09375","Regensburg",2000
0.60874,"09375","Regensburg",2001
0.55895,"09375","Regensburg",2002
0.56055,"09375","Regensburg",2003
0.50142,"09375","Regensburg",2004
0.50724,"09375","Regensburg",2005
0.47524,"09375","Regensburg",2006
0.52166,"09375","Regensburg",2007
0.53943,"09375","Regensburg",2008
0.56943,"09375","Regensburg",2009
0.54895,"09375","Regensburg",2010
0.56164,"09375","Regensburg",2011
0.51292,"09375","Regensburg",2012
0.54876,"09375","Regensburg",2013
0.52063,"09375","Regensburg",2014
0.51766,"09375","Regensburg",2015
0.49575,"09375","Regensburg",2016
0.47255,"09375","Regensburg",2017
0.49301,"09375","Regensburg",2018
0.48425,"09375","Regensburg",2019
0.70104,"09376","Schwandorf",1998
0.78294,"09376","Schwandorf",1999
0.7594,"09376","Schwandorf",2000
0.77022,"09376","Schwandorf",2001
0.7731,"09376","Schwandorf",2002
0.77773,"09376","Schwandorf",2003
0.73617,"09376","Schwandorf",2004
0.71965,"09376","Schwandorf",2005
0.69234,"09376","Schwandorf",2006
0.75226,"09376","Schwandorf",2007
0.75557,"09376","Schwandorf",2008
0.79882,"09376","Schwandorf",2009
0.77538,"09376","Schwandorf",2010
0.81104,"09376","Schwandorf",2011
0.7702,"09376","Schwandorf",2012
0.76739,"09376","Schwandorf",2013
0.73682,"09376","Schwandorf",2014
0.74171,"09376","Schwandorf",2015
0.71895,"09376","Schwandorf",2016
0.71386,"09376","Schwandorf",2017
0.67111,"09376","Schwandorf",2018
0.68748,"09376","Schwandorf",2019
0.72205,"09377","Tirschenreuth",1998
0.73253,"09377","Tirschenreuth",1999
0.80039,"09377","Tirschenreuth",2000
0.79621,"09377","Tirschenreuth",2001
0.81166,"09377","Tirschenreuth",2002
0.84751,"09377","Tirschenreuth",2003
0.74003,"09377","Tirschenreuth",2004
0.76754,"09377","Tirschenreuth",2005
0.76665,"09377","Tirschenreuth",2006
0.81273,"09377","Tirschenreuth",2007
0.82947,"09377","Tirschenreuth",2008
0.80114,"09377","Tirschenreuth",2009
0.80783,"09377","Tirschenreuth",2010
0.87397,"09377","Tirschenreuth",2011
0.82703,"09377","Tirschenreuth",2012
0.84363,"09377","Tirschenreuth",2013
0.76415,"09377","Tirschenreuth",2014
0.76716,"09377","Tirschenreuth",2015
0.74124,"09377","Tirschenreuth",2016
0.64152,"09377","Tirschenreuth",2017
0.68527,"09377","Tirschenreuth",2018
0.66688,"09377","Tirschenreuth",2019
0.66918,"09461","Bamberg, Stadt",1998
0.66062,"09461","Bamberg, Stadt",1999
0.59726,"09461","Bamberg, Stadt",2000
0.61012,"09461","Bamberg, Stadt",2001
0.66329,"09461","Bamberg, Stadt",2002
0.59754,"09461","Bamberg, Stadt",2003
0.57499,"09461","Bamberg, Stadt",2004
0.61216,"09461","Bamberg, Stadt",2005
0.6146,"09461","Bamberg, Stadt",2006
0.65858,"09461","Bamberg, Stadt",2007
0.66986,"09461","Bamberg, Stadt",2008
0.65762,"09461","Bamberg, Stadt",2009
0.64422,"09461","Bamberg, Stadt",2010
0.66967,"09461","Bamberg, Stadt",2011
0.65451,"09461","Bamberg, Stadt",2012
0.64556,"09461","Bamberg, Stadt",2013
0.63863,"09461","Bamberg, Stadt",2014
0.65433,"09461","Bamberg, Stadt",2015
0.6116,"09461","Bamberg, Stadt",2016
0.55288,"09461","Bamberg, Stadt",2017
0.55662,"09461","Bamberg, Stadt",2018
0.52173,"09461","Bamberg, Stadt",2019
0.67624,"09462","Bayreuth, Stadt",1998
0.71468,"09462","Bayreuth, Stadt",1999
0.69507,"09462","Bayreuth, Stadt",2000
0.73171,"09462","Bayreuth, Stadt",2001
0.76015,"09462","Bayreuth, Stadt",2002
0.7458,"09462","Bayreuth, Stadt",2003
0.68991,"09462","Bayreuth, Stadt",2004
0.68727,"09462","Bayreuth, Stadt",2005
0.70197,"09462","Bayreuth, Stadt",2006
0.76535,"09462","Bayreuth, Stadt",2007
0.79342,"09462","Bayreuth, Stadt",2008
0.75853,"09462","Bayreuth, Stadt",2009
0.76851,"09462","Bayreuth, Stadt",2010
0.76807,"09462","Bayreuth, Stadt",2011
0.74568,"09462","Bayreuth, Stadt",2012
0.75137,"09462","Bayreuth, Stadt",2013
0.74022,"09462","Bayreuth, Stadt",2014
0.73729,"09462","Bayreuth, Stadt",2015
0.69736,"09462","Bayreuth, Stadt",2016
0.63444,"09462","Bayreuth, Stadt",2017
0.67155,"09462","Bayreuth, Stadt",2018
0.68367,"09462","Bayreuth, Stadt",2019
0.60027,"09463","Coburg, Stadt",1998
0.6025,"09463","Coburg, Stadt",1999
0.60882,"09463","Coburg, Stadt",2000
0.66248,"09463","Coburg, Stadt",2001
0.70764,"09463","Coburg, Stadt",2002
0.70239,"09463","Coburg, Stadt",2003
0.60676,"09463","Coburg, Stadt",2004
0.59719,"09463","Coburg, Stadt",2005
0.64319,"09463","Coburg, Stadt",2006
0.63965,"09463","Coburg, Stadt",2007
0.63062,"09463","Coburg, Stadt",2008
0.64347,"09463","Coburg, Stadt",2009
0.60589,"09463","Coburg, Stadt",2010
0.61367,"09463","Coburg, Stadt",2011
0.5784,"09463","Coburg, Stadt",2012
0.57159,"09463","Coburg, Stadt",2013
0.54578,"09463","Coburg, Stadt",2014
0.50077,"09463","Coburg, Stadt",2015
0.48958,"09463","Coburg, Stadt",2016
0.47811,"09463","Coburg, Stadt",2017
0.48409,"09463","Coburg, Stadt",2018
0.49497,"09463","Coburg, Stadt",2019
1,"09464","Hof, Stadt",1998
1,"09464","Hof, Stadt",1999
1,"09464","Hof, Stadt",2000
0.99546,"09464","Hof, Stadt",2001
1,"09464","Hof, Stadt",2002
0.99372,"09464","Hof, Stadt",2003
1,"09464","Hof, Stadt",2004
1,"09464","Hof, Stadt",2005
1,"09464","Hof, Stadt",2006
1,"09464","Hof, Stadt",2007
1,"09464","Hof, Stadt",2008
1,"09464","Hof, Stadt",2009
1,"09464","Hof, Stadt",2010
0.98638,"09464","Hof, Stadt",2011
1,"09464","Hof, Stadt",2012
1,"09464","Hof, Stadt",2013
1,"09464","Hof, Stadt",2014
1,"09464","Hof, Stadt",2015
1,"09464","Hof, Stadt",2016
1,"09464","Hof, Stadt",2017
1,"09464","Hof, Stadt",2018
1,"09464","Hof, Stadt",2019
0.67128,"09471","Bamberg",1998
0.67466,"09471","Bamberg",1999
0.68821,"09471","Bamberg",2000
0.67743,"09471","Bamberg",2001
0.70421,"09471","Bamberg",2002
0.66745,"09471","Bamberg",2003
0.62773,"09471","Bamberg",2004
0.63112,"09471","Bamberg",2005
0.63112,"09471","Bamberg",2006
0.70452,"09471","Bamberg",2007
0.69212,"09471","Bamberg",2008
0.70741,"09471","Bamberg",2009
0.70315,"09471","Bamberg",2010
0.73208,"09471","Bamberg",2011
0.6828,"09471","Bamberg",2012
0.68502,"09471","Bamberg",2013
0.67866,"09471","Bamberg",2014
0.66688,"09471","Bamberg",2015
0.63221,"09471","Bamberg",2016
0.60998,"09471","Bamberg",2017
0.65069,"09471","Bamberg",2018
0.64707,"09471","Bamberg",2019
0.58427,"09472","Bayreuth",1998
0.62413,"09472","Bayreuth",1999
0.6766,"09472","Bayreuth",2000
0.72412,"09472","Bayreuth",2001
0.69388,"09472","Bayreuth",2002
0.65279,"09472","Bayreuth",2003
0.60904,"09472","Bayreuth",2004
0.67031,"09472","Bayreuth",2005
0.62678,"09472","Bayreuth",2006
0.67662,"09472","Bayreuth",2007
0.68365,"09472","Bayreuth",2008
0.67295,"09472","Bayreuth",2009
0.65755,"09472","Bayreuth",2010
0.68188,"09472","Bayreuth",2011
0.70405,"09472","Bayreuth",2012
0.70046,"09472","Bayreuth",2013
0.67282,"09472","Bayreuth",2014
0.67369,"09472","Bayreuth",2015
0.60787,"09472","Bayreuth",2016
0.58056,"09472","Bayreuth",2017
0.60115,"09472","Bayreuth",2018
0.58227,"09472","Bayreuth",2019
0.66408,"09473","Coburg",1998
0.76482,"09473","Coburg",1999
0.63254,"09473","Coburg",2000
0.64873,"09473","Coburg",2001
0.72424,"09473","Coburg",2002
0.77104,"09473","Coburg",2003
0.72228,"09473","Coburg",2004
0.72419,"09473","Coburg",2005
0.66582,"09473","Coburg",2006
0.67446,"09473","Coburg",2007
0.72919,"09473","Coburg",2008
0.74355,"09473","Coburg",2009
0.75257,"09473","Coburg",2010
0.75071,"09473","Coburg",2011
0.78261,"09473","Coburg",2012
0.72004,"09473","Coburg",2013
0.72255,"09473","Coburg",2014
0.6528,"09473","Coburg",2015
0.65498,"09473","Coburg",2016
0.6724,"09473","Coburg",2017
0.65985,"09473","Coburg",2018
0.64481,"09473","Coburg",2019
0.52555,"09474","Forchheim",1998
0.54361,"09474","Forchheim",1999
0.50672,"09474","Forchheim",2000
0.52084,"09474","Forchheim",2001
0.5115,"09474","Forchheim",2002
0.53455,"09474","Forchheim",2003
0.47607,"09474","Forchheim",2004
0.47529,"09474","Forchheim",2005
0.4939,"09474","Forchheim",2006
0.54134,"09474","Forchheim",2007
0.53802,"09474","Forchheim",2008
0.52659,"09474","Forchheim",2009
0.54114,"09474","Forchheim",2010
0.56507,"09474","Forchheim",2011
0.54667,"09474","Forchheim",2012
0.55909,"09474","Forchheim",2013
0.54499,"09474","Forchheim",2014
0.51392,"09474","Forchheim",2015
0.4929,"09474","Forchheim",2016
0.47678,"09474","Forchheim",2017
0.46792,"09474","Forchheim",2018
0.50769,"09474","Forchheim",2019
0.64294,"09475","Hof",1998
0.66631,"09475","Hof",1999
0.64586,"09475","Hof",2000
0.67777,"09475","Hof",2001
0.75264,"09475","Hof",2002
0.77359,"09475","Hof",2003
0.69245,"09475","Hof",2004
0.69801,"09475","Hof",2005
0.69488,"09475","Hof",2006
0.7367,"09475","Hof",2007
0.74765,"09475","Hof",2008
0.75706,"09475","Hof",2009
0.73895,"09475","Hof",2010
0.80111,"09475","Hof",2011
0.7602,"09475","Hof",2012
0.78012,"09475","Hof",2013
0.73368,"09475","Hof",2014
0.75895,"09475","Hof",2015
0.71813,"09475","Hof",2016
0.65765,"09475","Hof",2017
0.67688,"09475","Hof",2018
0.68114,"09475","Hof",2019
0.72387,"09476","Kronach",1998
0.80068,"09476","Kronach",1999
0.88644,"09476","Kronach",2000
0.8182,"09476","Kronach",2001
0.88022,"09476","Kronach",2002
0.87941,"09476","Kronach",2003
0.82304,"09476","Kronach",2004
0.83302,"09476","Kronach",2005
0.78969,"09476","Kronach",2006
0.7834,"09476","Kronach",2007
0.78851,"09476","Kronach",2008
0.79726,"09476","Kronach",2009
0.79429,"09476","Kronach",2010
0.78436,"09476","Kronach",2011
0.79671,"09476","Kronach",2012
0.85067,"09476","Kronach",2013
0.81662,"09476","Kronach",2014
0.76918,"09476","Kronach",2015
0.72847,"09476","Kronach",2016
0.696,"09476","Kronach",2017
0.70578,"09476","Kronach",2018
0.73673,"09476","Kronach",2019
0.66387,"09477","Kulmbach",1998
0.75303,"09477","Kulmbach",1999
0.71676,"09477","Kulmbach",2000
0.76337,"09477","Kulmbach",2001
0.76583,"09477","Kulmbach",2002
0.76046,"09477","Kulmbach",2003
0.71592,"09477","Kulmbach",2004
0.68964,"09477","Kulmbach",2005
0.68538,"09477","Kulmbach",2006
0.76314,"09477","Kulmbach",2007
0.72383,"09477","Kulmbach",2008
0.73017,"09477","Kulmbach",2009
0.76017,"09477","Kulmbach",2010
0.74608,"09477","Kulmbach",2011
0.75223,"09477","Kulmbach",2012
0.78445,"09477","Kulmbach",2013
0.70409,"09477","Kulmbach",2014
0.70101,"09477","Kulmbach",2015
0.6686,"09477","Kulmbach",2016
0.63747,"09477","Kulmbach",2017
0.63357,"09477","Kulmbach",2018
0.64174,"09477","Kulmbach",2019
0.672,"09478","Lichtenfels",1998
0.75436,"09478","Lichtenfels",1999
0.76995,"09478","Lichtenfels",2000
0.804,"09478","Lichtenfels",2001
0.79898,"09478","Lichtenfels",2002
0.78226,"09478","Lichtenfels",2003
0.76418,"09478","Lichtenfels",2004
0.79486,"09478","Lichtenfels",2005
0.848,"09478","Lichtenfels",2006
0.82204,"09478","Lichtenfels",2007
0.83588,"09478","Lichtenfels",2008
0.83203,"09478","Lichtenfels",2009
0.81537,"09478","Lichtenfels",2010
0.83753,"09478","Lichtenfels",2011
0.86476,"09478","Lichtenfels",2012
0.88885,"09478","Lichtenfels",2013
0.84591,"09478","Lichtenfels",2014
0.83075,"09478","Lichtenfels",2015
0.76451,"09478","Lichtenfels",2016
0.79812,"09478","Lichtenfels",2017
0.75468,"09478","Lichtenfels",2018
0.74714,"09478","Lichtenfels",2019
0.87613,"09479","Wunsiedel i.Fichtelgebirge",1998
0.92418,"09479","Wunsiedel i.Fichtelgebirge",1999
0.95246,"09479","Wunsiedel i.Fichtelgebirge",2000
1,"09479","Wunsiedel i.Fichtelgebirge",2001
0.96652,"09479","Wunsiedel i.Fichtelgebirge",2002
0.98429,"09479","Wunsiedel i.Fichtelgebirge",2003
0.92104,"09479","Wunsiedel i.Fichtelgebirge",2004
0.8955,"09479","Wunsiedel i.Fichtelgebirge",2005
0.86058,"09479","Wunsiedel i.Fichtelgebirge",2006
0.92142,"09479","Wunsiedel i.Fichtelgebirge",2007
0.92264,"09479","Wunsiedel i.Fichtelgebirge",2008
0.96778,"09479","Wunsiedel i.Fichtelgebirge",2009
0.93628,"09479","Wunsiedel i.Fichtelgebirge",2010
0.97198,"09479","Wunsiedel i.Fichtelgebirge",2011
0.92083,"09479","Wunsiedel i.Fichtelgebirge",2012
0.91346,"09479","Wunsiedel i.Fichtelgebirge",2013
0.87463,"09479","Wunsiedel i.Fichtelgebirge",2014
0.87701,"09479","Wunsiedel i.Fichtelgebirge",2015
0.86924,"09479","Wunsiedel i.Fichtelgebirge",2016
0.81945,"09479","Wunsiedel i.Fichtelgebirge",2017
0.87765,"09479","Wunsiedel i.Fichtelgebirge",2018
0.86354,"09479","Wunsiedel i.Fichtelgebirge",2019
0.7148,"09561","Ansbach, Stadt",1998
0.70394,"09561","Ansbach, Stadt",1999
0.68429,"09561","Ansbach, Stadt",2000
0.7144,"09561","Ansbach, Stadt",2001
0.70304,"09561","Ansbach, Stadt",2002
0.71178,"09561","Ansbach, Stadt",2003
0.67623,"09561","Ansbach, Stadt",2004
0.65887,"09561","Ansbach, Stadt",2005
0.67077,"09561","Ansbach, Stadt",2006
0.74132,"09561","Ansbach, Stadt",2007
0.78126,"09561","Ansbach, Stadt",2008
0.79924,"09561","Ansbach, Stadt",2009
0.75928,"09561","Ansbach, Stadt",2010
0.75136,"09561","Ansbach, Stadt",2011
0.7177,"09561","Ansbach, Stadt",2012
0.77372,"09561","Ansbach, Stadt",2013
0.71832,"09561","Ansbach, Stadt",2014
0.76346,"09561","Ansbach, Stadt",2015
0.74041,"09561","Ansbach, Stadt",2016
0.74532,"09561","Ansbach, Stadt",2017
0.75329,"09561","Ansbach, Stadt",2018
0.72891,"09561","Ansbach, Stadt",2019
0.18608,"09562","Erlangen, Stadt",1998
0.19997,"09562","Erlangen, Stadt",1999
0.14867,"09562","Erlangen, Stadt",2000
0.14151,"09562","Erlangen, Stadt",2001
0.15978,"09562","Erlangen, Stadt",2002
0.17413,"09562","Erlangen, Stadt",2003
0.11263,"09562","Erlangen, Stadt",2004
0.15436,"09562","Erlangen, Stadt",2005
0.12434,"09562","Erlangen, Stadt",2006
0.15879,"09562","Erlangen, Stadt",2007
0.17315,"09562","Erlangen, Stadt",2008
0.13294,"09562","Erlangen, Stadt",2009
0.13805,"09562","Erlangen, Stadt",2010
0.10241,"09562","Erlangen, Stadt",2011
0.07945,"09562","Erlangen, Stadt",2012
0.09284,"09562","Erlangen, Stadt",2013
0.08592,"09562","Erlangen, Stadt",2014
0.09907,"09562","Erlangen, Stadt",2015
0.11717,"09562","Erlangen, Stadt",2016
0.11025,"09562","Erlangen, Stadt",2017
0.12019,"09562","Erlangen, Stadt",2018
0.13949,"09562","Erlangen, Stadt",2019
0.71297,"09563","Fürth, Stadt",1998
0.73691,"09563","Fürth, Stadt",1999
0.76283,"09563","Fürth, Stadt",2000
0.71763,"09563","Fürth, Stadt",2001
0.71036,"09563","Fürth, Stadt",2002
0.72219,"09563","Fürth, Stadt",2003
0.73334,"09563","Fürth, Stadt",2004
0.76312,"09563","Fürth, Stadt",2005
0.73514,"09563","Fürth, Stadt",2006
0.81791,"09563","Fürth, Stadt",2007
0.74525,"09563","Fürth, Stadt",2008
0.71965,"09563","Fürth, Stadt",2009
0.73063,"09563","Fürth, Stadt",2010
0.71821,"09563","Fürth, Stadt",2011
0.71889,"09563","Fürth, Stadt",2012
0.7399,"09563","Fürth, Stadt",2013
0.70684,"09563","Fürth, Stadt",2014
0.68705,"09563","Fürth, Stadt",2015
0.65884,"09563","Fürth, Stadt",2016
0.67055,"09563","Fürth, Stadt",2017
0.68091,"09563","Fürth, Stadt",2018
0.65542,"09563","Fürth, Stadt",2019
0.75234,"09564","Nürnberg, Stadt",1998
0.77471,"09564","Nürnberg, Stadt",1999
0.75129,"09564","Nürnberg, Stadt",2000
0.7931,"09564","Nürnberg, Stadt",2001
0.77989,"09564","Nürnberg, Stadt",2002
0.78429,"09564","Nürnberg, Stadt",2003
0.75556,"09564","Nürnberg, Stadt",2004
0.7484,"09564","Nürnberg, Stadt",2005
0.75048,"09564","Nürnberg, Stadt",2006
0.7844,"09564","Nürnberg, Stadt",2007
0.7593,"09564","Nürnberg, Stadt",2008
0.74694,"09564","Nürnberg, Stadt",2009
0.75581,"09564","Nürnberg, Stadt",2010
0.72575,"09564","Nürnberg, Stadt",2011
0.70176,"09564","Nürnberg, Stadt",2012
0.72782,"09564","Nürnberg, Stadt",2013
0.71761,"09564","Nürnberg, Stadt",2014
0.67866,"09564","Nürnberg, Stadt",2015
0.64324,"09564","Nürnberg, Stadt",2016
0.62267,"09564","Nürnberg, Stadt",2017
0.65655,"09564","Nürnberg, Stadt",2018
0.64443,"09564","Nürnberg, Stadt",2019
0.52371,"09565","Schwabach, Stadt",1998
0.54435,"09565","Schwabach, Stadt",1999
0.51211,"09565","Schwabach, Stadt",2000
0.48195,"09565","Schwabach, Stadt",2001
0.52557,"09565","Schwabach, Stadt",2002
0.60877,"09565","Schwabach, Stadt",2003
0.55789,"09565","Schwabach, Stadt",2004
0.54172,"09565","Schwabach, Stadt",2005
0.55472,"09565","Schwabach, Stadt",2006
0.60238,"09565","Schwabach, Stadt",2007
0.6282,"09565","Schwabach, Stadt",2008
0.66241,"09565","Schwabach, Stadt",2009
0.6575,"09565","Schwabach, Stadt",2010
0.66748,"09565","Schwabach, Stadt",2011
0.6205,"09565","Schwabach, Stadt",2012
0.64351,"09565","Schwabach, Stadt",2013
0.66933,"09565","Schwabach, Stadt",2014
0.61418,"09565","Schwabach, Stadt",2015
0.61266,"09565","Schwabach, Stadt",2016
0.54916,"09565","Schwabach, Stadt",2017
0.55895,"09565","Schwabach, Stadt",2018
0.53622,"09565","Schwabach, Stadt",2019
0.69603,"09571","Ansbach",1998
0.72623,"09571","Ansbach",1999
0.78723,"09571","Ansbach",2000
0.77842,"09571","Ansbach",2001
0.81049,"09571","Ansbach",2002
0.77336,"09571","Ansbach",2003
0.76434,"09571","Ansbach",2004
0.74561,"09571","Ansbach",2005
0.72186,"09571","Ansbach",2006
0.76129,"09571","Ansbach",2007
0.7572,"09571","Ansbach",2008
0.77936,"09571","Ansbach",2009
0.75334,"09571","Ansbach",2010
0.76754,"09571","Ansbach",2011
0.75745,"09571","Ansbach",2012
0.79353,"09571","Ansbach",2013
0.73788,"09571","Ansbach",2014
0.74065,"09571","Ansbach",2015
0.69928,"09571","Ansbach",2016
0.66637,"09571","Ansbach",2017
0.69613,"09571","Ansbach",2018
0.69953,"09571","Ansbach",2019
0.31633,"09572","Erlangen-Höchstadt",1998
0.33902,"09572","Erlangen-Höchstadt",1999
0.35042,"09572","Erlangen-Höchstadt",2000
0.31441,"09572","Erlangen-Höchstadt",2001
0.30021,"09572","Erlangen-Höchstadt",2002
0.32744,"09572","Erlangen-Höchstadt",2003
0.24935,"09572","Erlangen-Höchstadt",2004
0.23082,"09572","Erlangen-Höchstadt",2005
0.21674,"09572","Erlangen-Höchstadt",2006
0.25331,"09572","Erlangen-Höchstadt",2007
0.27961,"09572","Erlangen-Höchstadt",2008
0.31973,"09572","Erlangen-Höchstadt",2009
0.33489,"09572","Erlangen-Höchstadt",2010
0.32714,"09572","Erlangen-Höchstadt",2011
0.31573,"09572","Erlangen-Höchstadt",2012
0.30073,"09572","Erlangen-Höchstadt",2013
0.30146,"09572","Erlangen-Höchstadt",2014
0.30007,"09572","Erlangen-Höchstadt",2015
0.2937,"09572","Erlangen-Höchstadt",2016
0.23173,"09572","Erlangen-Höchstadt",2017
0.2969,"09572","Erlangen-Höchstadt",2018
0.28178,"09572","Erlangen-Höchstadt",2019
0.47512,"09573","Fürth",1998
0.49292,"09573","Fürth",1999
0.47038,"09573","Fürth",2000
0.4698,"09573","Fürth",2001
0.45305,"09573","Fürth",2002
0.47523,"09573","Fürth",2003
0.44954,"09573","Fürth",2004
0.4486,"09573","Fürth",2005
0.44714,"09573","Fürth",2006
0.46789,"09573","Fürth",2007
0.51525,"09573","Fürth",2008
0.53333,"09573","Fürth",2009
0.53717,"09573","Fürth",2010
0.53666,"09573","Fürth",2011
0.51953,"09573","Fürth",2012
0.52657,"09573","Fürth",2013
0.51172,"09573","Fürth",2014
0.4929,"09573","Fürth",2015
0.48294,"09573","Fürth",2016
0.4649,"09573","Fürth",2017
0.49063,"09573","Fürth",2018
0.47207,"09573","Fürth",2019
0.45706,"09574","Nürnberger Land",1998
0.48042,"09574","Nürnberger Land",1999
0.47354,"09574","Nürnberger Land",2000
0.50179,"09574","Nürnberger Land",2001
0.46602,"09574","Nürnberger Land",2002
0.48634,"09574","Nürnberger Land",2003
0.45128,"09574","Nürnberger Land",2004
0.45052,"09574","Nürnberger Land",2005
0.479,"09574","Nürnberger Land",2006
0.52541,"09574","Nürnberger Land",2007
0.5448,"09574","Nürnberger Land",2008
0.55743,"09574","Nürnberger Land",2009
0.54357,"09574","Nürnberger Land",2010
0.55277,"09574","Nürnberger Land",2011
0.56363,"09574","Nürnberger Land",2012
0.56628,"09574","Nürnberger Land",2013
0.57138,"09574","Nürnberger Land",2014
0.57299,"09574","Nürnberger Land",2015
0.55541,"09574","Nürnberger Land",2016
0.47933,"09574","Nürnberger Land",2017
0.49462,"09574","Nürnberger Land",2018
0.52783,"09574","Nürnberger Land",2019
0.6592,"09575","Neustadt a.d.Aisch-Bad Windsheim",1998
0.67914,"09575","Neustadt a.d.Aisch-Bad Windsheim",1999
0.69817,"09575","Neustadt a.d.Aisch-Bad Windsheim",2000
0.72841,"09575","Neustadt a.d.Aisch-Bad Windsheim",2001
0.6903,"09575","Neustadt a.d.Aisch-Bad Windsheim",2002
0.6972,"09575","Neustadt a.d.Aisch-Bad Windsheim",2003
0.64575,"09575","Neustadt a.d.Aisch-Bad Windsheim",2004
0.65994,"09575","Neustadt a.d.Aisch-Bad Windsheim",2005
0.63399,"09575","Neustadt a.d.Aisch-Bad Windsheim",2006
0.68828,"09575","Neustadt a.d.Aisch-Bad Windsheim",2007
0.71077,"09575","Neustadt a.d.Aisch-Bad Windsheim",2008
0.71959,"09575","Neustadt a.d.Aisch-Bad Windsheim",2009
0.72463,"09575","Neustadt a.d.Aisch-Bad Windsheim",2010
0.75036,"09575","Neustadt a.d.Aisch-Bad Windsheim",2011
0.7528,"09575","Neustadt a.d.Aisch-Bad Windsheim",2012
0.77471,"09575","Neustadt a.d.Aisch-Bad Windsheim",2013
0.71618,"09575","Neustadt a.d.Aisch-Bad Windsheim",2014
0.70365,"09575","Neustadt a.d.Aisch-Bad Windsheim",2015
0.70971,"09575","Neustadt a.d.Aisch-Bad Windsheim",2016
0.6953,"09575","Neustadt a.d.Aisch-Bad Windsheim",2017
0.73318,"09575","Neustadt a.d.Aisch-Bad Windsheim",2018
0.67597,"09575","Neustadt a.d.Aisch-Bad Windsheim",2019
0.54009,"09576","Roth",1998
0.60078,"09576","Roth",1999
0.51108,"09576","Roth",2000
0.54896,"09576","Roth",2001
0.52205,"09576","Roth",2002
0.56244,"09576","Roth",2003
0.56036,"09576","Roth",2004
0.54729,"09576","Roth",2005
0.55774,"09576","Roth",2006
0.56713,"09576","Roth",2007
0.59611,"09576","Roth",2008
0.59452,"09576","Roth",2009
0.61814,"09576","Roth",2010
0.61819,"09576","Roth",2011
0.64333,"09576","Roth",2012
0.66597,"09576","Roth",2013
0.65853,"09576","Roth",2014
0.6577,"09576","Roth",2015
0.63431,"09576","Roth",2016
0.6182,"09576","Roth",2017
0.59338,"09576","Roth",2018
0.56477,"09576","Roth",2019
0.72694,"09577","Weißenburg-Gunzenhausen",1998
0.72995,"09577","Weißenburg-Gunzenhausen",1999
0.73114,"09577","Weißenburg-Gunzenhausen",2000
0.7447,"09577","Weißenburg-Gunzenhausen",2001
0.75728,"09577","Weißenburg-Gunzenhausen",2002
0.75455,"09577","Weißenburg-Gunzenhausen",2003
0.72188,"09577","Weißenburg-Gunzenhausen",2004
0.71811,"09577","Weißenburg-Gunzenhausen",2005
0.71353,"09577","Weißenburg-Gunzenhausen",2006
0.75031,"09577","Weißenburg-Gunzenhausen",2007
0.80247,"09577","Weißenburg-Gunzenhausen",2008
0.84129,"09577","Weißenburg-Gunzenhausen",2009
0.80275,"09577","Weißenburg-Gunzenhausen",2010
0.81703,"09577","Weißenburg-Gunzenhausen",2011
0.77838,"09577","Weißenburg-Gunzenhausen",2012
0.76523,"09577","Weißenburg-Gunzenhausen",2013
0.76132,"09577","Weißenburg-Gunzenhausen",2014
0.76332,"09577","Weißenburg-Gunzenhausen",2015
0.73846,"09577","Weißenburg-Gunzenhausen",2016
0.72161,"09577","Weißenburg-Gunzenhausen",2017
0.70932,"09577","Weißenburg-Gunzenhausen",2018
0.74033,"09577","Weißenburg-Gunzenhausen",2019
0.65686,"09661","Aschaffenburg, Stadt",1998
0.71221,"09661","Aschaffenburg, Stadt",1999
0.76245,"09661","Aschaffenburg, Stadt",2000
0.67719,"09661","Aschaffenburg, Stadt",2001
0.70878,"09661","Aschaffenburg, Stadt",2002
0.71664,"09661","Aschaffenburg, Stadt",2003
0.67537,"09661","Aschaffenburg, Stadt",2004
0.69251,"09661","Aschaffenburg, Stadt",2005
0.66041,"09661","Aschaffenburg, Stadt",2006
0.72135,"09661","Aschaffenburg, Stadt",2007
0.72211,"09661","Aschaffenburg, Stadt",2008
0.71828,"09661","Aschaffenburg, Stadt",2009
0.72393,"09661","Aschaffenburg, Stadt",2010
0.72303,"09661","Aschaffenburg, Stadt",2011
0.67084,"09661","Aschaffenburg, Stadt",2012
0.69374,"09661","Aschaffenburg, Stadt",2013
0.66676,"09661","Aschaffenburg, Stadt",2014
0.66512,"09661","Aschaffenburg, Stadt",2015
0.63137,"09661","Aschaffenburg, Stadt",2016
0.56973,"09661","Aschaffenburg, Stadt",2017
0.62308,"09661","Aschaffenburg, Stadt",2018
0.61049,"09661","Aschaffenburg, Stadt",2019
0.8482,"09662","Schweinfurt, Stadt",1998
0.8217,"09662","Schweinfurt, Stadt",1999
0.82691,"09662","Schweinfurt, Stadt",2000
0.8494,"09662","Schweinfurt, Stadt",2001
0.85277,"09662","Schweinfurt, Stadt",2002
0.85331,"09662","Schweinfurt, Stadt",2003
0.79683,"09662","Schweinfurt, Stadt",2004
0.84954,"09662","Schweinfurt, Stadt",2005
0.8113,"09662","Schweinfurt, Stadt",2006
0.86692,"09662","Schweinfurt, Stadt",2007
0.82563,"09662","Schweinfurt, Stadt",2008
0.85614,"09662","Schweinfurt, Stadt",2009
0.84261,"09662","Schweinfurt, Stadt",2010
0.82049,"09662","Schweinfurt, Stadt",2011
0.74815,"09662","Schweinfurt, Stadt",2012
0.79954,"09662","Schweinfurt, Stadt",2013
0.74353,"09662","Schweinfurt, Stadt",2014
0.75511,"09662","Schweinfurt, Stadt",2015
0.75411,"09662","Schweinfurt, Stadt",2016
0.77941,"09662","Schweinfurt, Stadt",2017
0.8162,"09662","Schweinfurt, Stadt",2018
0.78473,"09662","Schweinfurt, Stadt",2019
0.53381,"09663","Würzburg, Stadt",1998
0.51661,"09663","Würzburg, Stadt",1999
0.48245,"09663","Würzburg, Stadt",2000
0.55462,"09663","Würzburg, Stadt",2001
0.54467,"09663","Würzburg, Stadt",2002
0.55123,"09663","Würzburg, Stadt",2003
0.53446,"09663","Würzburg, Stadt",2004
0.55077,"09663","Würzburg, Stadt",2005
0.56561,"09663","Würzburg, Stadt",2006
0.61504,"09663","Würzburg, Stadt",2007
0.5951,"09663","Würzburg, Stadt",2008
0.61222,"09663","Würzburg, Stadt",2009
0.60086,"09663","Würzburg, Stadt",2010
0.5588,"09663","Würzburg, Stadt",2011
0.53113,"09663","Würzburg, Stadt",2012
0.52923,"09663","Würzburg, Stadt",2013
0.50632,"09663","Würzburg, Stadt",2014
0.47457,"09663","Würzburg, Stadt",2015
0.44001,"09663","Würzburg, Stadt",2016
0.37652,"09663","Würzburg, Stadt",2017
0.41492,"09663","Würzburg, Stadt",2018
0.41379,"09663","Würzburg, Stadt",2019
0.54547,"09671","Aschaffenburg",1998
0.55052,"09671","Aschaffenburg",1999
0.58953,"09671","Aschaffenburg",2000
0.58892,"09671","Aschaffenburg",2001
0.55918,"09671","Aschaffenburg",2002
0.55388,"09671","Aschaffenburg",2003
0.52115,"09671","Aschaffenburg",2004
0.49809,"09671","Aschaffenburg",2005
0.51366,"09671","Aschaffenburg",2006
0.51951,"09671","Aschaffenburg",2007
0.53099,"09671","Aschaffenburg",2008
0.56288,"09671","Aschaffenburg",2009
0.56163,"09671","Aschaffenburg",2010
0.57343,"09671","Aschaffenburg",2011
0.55997,"09671","Aschaffenburg",2012
0.58543,"09671","Aschaffenburg",2013
0.54592,"09671","Aschaffenburg",2014
0.5482,"09671","Aschaffenburg",2015
0.60411,"09671","Aschaffenburg",2016
0.50814,"09671","Aschaffenburg",2017
0.52954,"09671","Aschaffenburg",2018
0.50314,"09671","Aschaffenburg",2019
0.67688,"09672","Bad Kissingen",1998
0.70661,"09672","Bad Kissingen",1999
0.68463,"09672","Bad Kissingen",2000
0.75447,"09672","Bad Kissingen",2001
0.71534,"09672","Bad Kissingen",2002
0.76062,"09672","Bad Kissingen",2003
0.69167,"09672","Bad Kissingen",2004
0.66594,"09672","Bad Kissingen",2005
0.67913,"09672","Bad Kissingen",2006
0.72851,"09672","Bad Kissingen",2007
0.77288,"09672","Bad Kissingen",2008
0.74294,"09672","Bad Kissingen",2009
0.75323,"09672","Bad Kissingen",2010
0.78331,"09672","Bad Kissingen",2011
0.76448,"09672","Bad Kissingen",2012
0.72791,"09672","Bad Kissingen",2013
0.71303,"09672","Bad Kissingen",2014
0.72597,"09672","Bad Kissingen",2015
0.70158,"09672","Bad Kissingen",2016
0.69243,"09672","Bad Kissingen",2017
0.68428,"09672","Bad Kissingen",2018
0.67034,"09672","Bad Kissingen",2019
0.65957,"09673","Rhön-Grabfeld",1998
0.6947,"09673","Rhön-Grabfeld",1999
0.7281,"09673","Rhön-Grabfeld",2000
0.70328,"09673","Rhön-Grabfeld",2001
0.71685,"09673","Rhön-Grabfeld",2002
0.76095,"09673","Rhön-Grabfeld",2003
0.69961,"09673","Rhön-Grabfeld",2004
0.69577,"09673","Rhön-Grabfeld",2005
0.64849,"09673","Rhön-Grabfeld",2006
0.69552,"09673","Rhön-Grabfeld",2007
0.72569,"09673","Rhön-Grabfeld",2008
0.71527,"09673","Rhön-Grabfeld",2009
0.70932,"09673","Rhön-Grabfeld",2010
0.71524,"09673","Rhön-Grabfeld",2011
0.68999,"09673","Rhön-Grabfeld",2012
0.71132,"09673","Rhön-Grabfeld",2013
0.6383,"09673","Rhön-Grabfeld",2014
0.64054,"09673","Rhön-Grabfeld",2015
0.64319,"09673","Rhön-Grabfeld",2016
0.62107,"09673","Rhön-Grabfeld",2017
0.63889,"09673","Rhön-Grabfeld",2018
0.59353,"09673","Rhön-Grabfeld",2019
0.72574,"09674","Haßberge",1998
0.82059,"09674","Haßberge",1999
0.83214,"09674","Haßberge",2000
0.83095,"09674","Haßberge",2001
0.84677,"09674","Haßberge",2002
0.81416,"09674","Haßberge",2003
0.77608,"09674","Haßberge",2004
0.73584,"09674","Haßberge",2005
0.77473,"09674","Haßberge",2006
0.80956,"09674","Haßberge",2007
0.84495,"09674","Haßberge",2008
0.87273,"09674","Haßberge",2009
0.8519,"09674","Haßberge",2010
0.84575,"09674","Haßberge",2011
0.85801,"09674","Haßberge",2012
0.81551,"09674","Haßberge",2013
0.80088,"09674","Haßberge",2014
0.79826,"09674","Haßberge",2015
0.7794,"09674","Haßberge",2016
0.71338,"09674","Haßberge",2017
0.70663,"09674","Haßberge",2018
0.74356,"09674","Haßberge",2019
0.64104,"09675","Kitzingen",1998
0.67819,"09675","Kitzingen",1999
0.65538,"09675","Kitzingen",2000
0.68341,"09675","Kitzingen",2001
0.65462,"09675","Kitzingen",2002
0.64618,"09675","Kitzingen",2003
0.57892,"09675","Kitzingen",2004
0.57657,"09675","Kitzingen",2005
0.61546,"09675","Kitzingen",2006
0.6661,"09675","Kitzingen",2007
0.6858,"09675","Kitzingen",2008
0.6861,"09675","Kitzingen",2009
0.6957,"09675","Kitzingen",2010
0.69828,"09675","Kitzingen",2011
0.72278,"09675","Kitzingen",2012
0.74622,"09675","Kitzingen",2013
0.69625,"09675","Kitzingen",2014
0.68626,"09675","Kitzingen",2015
0.64309,"09675","Kitzingen",2016
0.57938,"09675","Kitzingen",2017
0.65716,"09675","Kitzingen",2018
0.66237,"09675","Kitzingen",2019
0.71697,"09676","Miltenberg",1998
0.77366,"09676","Miltenberg",1999
0.74623,"09676","Miltenberg",2000
0.77661,"09676","Miltenberg",2001
0.79924,"09676","Miltenberg",2002
0.7904,"09676","Miltenberg",2003
0.7288,"09676","Miltenberg",2004
0.72391,"09676","Miltenberg",2005
0.69583,"09676","Miltenberg",2006
0.72866,"09676","Miltenberg",2007
0.75921,"09676","Miltenberg",2008
0.77521,"09676","Miltenberg",2009
0.76389,"09676","Miltenberg",2010
0.81085,"09676","Miltenberg",2011
0.79569,"09676","Miltenberg",2012
0.78764,"09676","Miltenberg",2013
0.77643,"09676","Miltenberg",2014
0.75066,"09676","Miltenberg",2015
0.72305,"09676","Miltenberg",2016
0.68678,"09676","Miltenberg",2017
0.7233,"09676","Miltenberg",2018
0.69105,"09676","Miltenberg",2019
0.47163,"09677","Main-Spessart",1998
0.49392,"09677","Main-Spessart",1999
0.52293,"09677","Main-Spessart",2000
0.55139,"09677","Main-Spessart",2001
0.56897,"09677","Main-Spessart",2002
0.56982,"09677","Main-Spessart",2003
0.49462,"09677","Main-Spessart",2004
0.52918,"09677","Main-Spessart",2005
0.50927,"09677","Main-Spessart",2006
0.50235,"09677","Main-Spessart",2007
0.53975,"09677","Main-Spessart",2008
0.55526,"09677","Main-Spessart",2009
0.54035,"09677","Main-Spessart",2010
0.56907,"09677","Main-Spessart",2011
0.56131,"09677","Main-Spessart",2012
0.57651,"09677","Main-Spessart",2013
0.53444,"09677","Main-Spessart",2014
0.51969,"09677","Main-Spessart",2015
0.51666,"09677","Main-Spessart",2016
0.48475,"09677","Main-Spessart",2017
0.49108,"09677","Main-Spessart",2018
0.48262,"09677","Main-Spessart",2019
0.79266,"09678","Schweinfurt",1998
0.81081,"09678","Schweinfurt",1999
0.78134,"09678","Schweinfurt",2000
0.74796,"09678","Schweinfurt",2001
0.77721,"09678","Schweinfurt",2002
0.77973,"09678","Schweinfurt",2003
0.67642,"09678","Schweinfurt",2004
0.63719,"09678","Schweinfurt",2005
0.67769,"09678","Schweinfurt",2006
0.71982,"09678","Schweinfurt",2007
0.76936,"09678","Schweinfurt",2008
0.74026,"09678","Schweinfurt",2009
0.74741,"09678","Schweinfurt",2010
0.78746,"09678","Schweinfurt",2011
0.75721,"09678","Schweinfurt",2012
0.73209,"09678","Schweinfurt",2013
0.76987,"09678","Schweinfurt",2014
0.7055,"09678","Schweinfurt",2015
0.73784,"09678","Schweinfurt",2016
0.67997,"09678","Schweinfurt",2017
0.68244,"09678","Schweinfurt",2018
0.6383,"09678","Schweinfurt",2019
0.48441,"09679","Würzburg",1998
0.45653,"09679","Würzburg",1999
0.46686,"09679","Würzburg",2000
0.46882,"09679","Würzburg",2001
0.47443,"09679","Würzburg",2002
0.5219,"09679","Würzburg",2003
0.44502,"09679","Würzburg",2004
0.49568,"09679","Würzburg",2005
0.48123,"09679","Würzburg",2006
0.51058,"09679","Würzburg",2007
0.53923,"09679","Würzburg",2008
0.50982,"09679","Würzburg",2009
0.51954,"09679","Würzburg",2010
0.55111,"09679","Würzburg",2011
0.52134,"09679","Würzburg",2012
0.55908,"09679","Würzburg",2013
0.52175,"09679","Würzburg",2014
0.58323,"09679","Würzburg",2015
0.55805,"09679","Würzburg",2016
0.56258,"09679","Würzburg",2017
0.46709,"09679","Würzburg",2018
0.50718,"09679","Würzburg",2019
0.75244,"09761","Augsburg, Stadt",1998
0.75643,"09761","Augsburg, Stadt",1999
0.74855,"09761","Augsburg, Stadt",2000
0.73876,"09761","Augsburg, Stadt",2001
0.74273,"09761","Augsburg, Stadt",2002
0.74408,"09761","Augsburg, Stadt",2003
0.7352,"09761","Augsburg, Stadt",2004
0.75647,"09761","Augsburg, Stadt",2005
0.76029,"09761","Augsburg, Stadt",2006
0.80544,"09761","Augsburg, Stadt",2007
0.77431,"09761","Augsburg, Stadt",2008
0.77448,"09761","Augsburg, Stadt",2009
0.76692,"09761","Augsburg, Stadt",2010
0.80349,"09761","Augsburg, Stadt",2011
0.76541,"09761","Augsburg, Stadt",2012
0.79164,"09761","Augsburg, Stadt",2013
0.76336,"09761","Augsburg, Stadt",2014
0.73919,"09761","Augsburg, Stadt",2015
0.69999,"09761","Augsburg, Stadt",2016
0.67313,"09761","Augsburg, Stadt",2017
0.67109,"09761","Augsburg, Stadt",2018
0.67222,"09761","Augsburg, Stadt",2019
0.88452,"09762","Kaufbeuren, Stadt",1998
0.8427,"09762","Kaufbeuren, Stadt",1999
0.82503,"09762","Kaufbeuren, Stadt",2000
0.90857,"09762","Kaufbeuren, Stadt",2001
0.81691,"09762","Kaufbeuren, Stadt",2002
0.82002,"09762","Kaufbeuren, Stadt",2003
0.80041,"09762","Kaufbeuren, Stadt",2004
0.83991,"09762","Kaufbeuren, Stadt",2005
0.7958,"09762","Kaufbeuren, Stadt",2006
0.8939,"09762","Kaufbeuren, Stadt",2007
0.88144,"09762","Kaufbeuren, Stadt",2008
0.90202,"09762","Kaufbeuren, Stadt",2009
0.91361,"09762","Kaufbeuren, Stadt",2010
0.93652,"09762","Kaufbeuren, Stadt",2011
0.85996,"09762","Kaufbeuren, Stadt",2012
0.88826,"09762","Kaufbeuren, Stadt",2013
0.896,"09762","Kaufbeuren, Stadt",2014
0.90596,"09762","Kaufbeuren, Stadt",2015
0.88092,"09762","Kaufbeuren, Stadt",2016
0.78173,"09762","Kaufbeuren, Stadt",2017
0.80496,"09762","Kaufbeuren, Stadt",2018
0.78619,"09762","Kaufbeuren, Stadt",2019
0.70261,"09763","Kempten (Allgäu), Stadt",1998
0.77507,"09763","Kempten (Allgäu), Stadt",1999
0.72845,"09763","Kempten (Allgäu), Stadt",2000
0.7553,"09763","Kempten (Allgäu), Stadt",2001
0.7334,"09763","Kempten (Allgäu), Stadt",2002
0.75155,"09763","Kempten (Allgäu), Stadt",2003
0.74228,"09763","Kempten (Allgäu), Stadt",2004
0.75766,"09763","Kempten (Allgäu), Stadt",2005
0.75872,"09763","Kempten (Allgäu), Stadt",2006
0.77562,"09763","Kempten (Allgäu), Stadt",2007
0.79202,"09763","Kempten (Allgäu), Stadt",2008
0.82487,"09763","Kempten (Allgäu), Stadt",2009
0.80018,"09763","Kempten (Allgäu), Stadt",2010
0.8628,"09763","Kempten (Allgäu), Stadt",2011
0.82781,"09763","Kempten (Allgäu), Stadt",2012
0.84173,"09763","Kempten (Allgäu), Stadt",2013
0.84263,"09763","Kempten (Allgäu), Stadt",2014
0.84159,"09763","Kempten (Allgäu), Stadt",2015
0.79093,"09763","Kempten (Allgäu), Stadt",2016
0.73672,"09763","Kempten (Allgäu), Stadt",2017
0.74923,"09763","Kempten (Allgäu), Stadt",2018
0.74048,"09763","Kempten (Allgäu), Stadt",2019
0.69217,"09764","Memmingen, Stadt",1998
0.7594,"09764","Memmingen, Stadt",1999
0.70383,"09764","Memmingen, Stadt",2000
0.75816,"09764","Memmingen, Stadt",2001
0.7871,"09764","Memmingen, Stadt",2002
0.79644,"09764","Memmingen, Stadt",2003
0.70859,"09764","Memmingen, Stadt",2004
0.71217,"09764","Memmingen, Stadt",2005
0.72647,"09764","Memmingen, Stadt",2006
0.69642,"09764","Memmingen, Stadt",2007
0.71612,"09764","Memmingen, Stadt",2008
0.75896,"09764","Memmingen, Stadt",2009
0.8083,"09764","Memmingen, Stadt",2010
0.80803,"09764","Memmingen, Stadt",2011
0.71167,"09764","Memmingen, Stadt",2012
0.78017,"09764","Memmingen, Stadt",2013
0.72255,"09764","Memmingen, Stadt",2014
0.76667,"09764","Memmingen, Stadt",2015
0.73227,"09764","Memmingen, Stadt",2016
0.72253,"09764","Memmingen, Stadt",2017
0.74179,"09764","Memmingen, Stadt",2018
0.70927,"09764","Memmingen, Stadt",2019
0.51048,"09771","Aichach-Friedberg",1998
0.53357,"09771","Aichach-Friedberg",1999
0.51225,"09771","Aichach-Friedberg",2000
0.50816,"09771","Aichach-Friedberg",2001
0.54826,"09771","Aichach-Friedberg",2002
0.54274,"09771","Aichach-Friedberg",2003
0.52682,"09771","Aichach-Friedberg",2004
0.51807,"09771","Aichach-Friedberg",2005
0.51557,"09771","Aichach-Friedberg",2006
0.58016,"09771","Aichach-Friedberg",2007
0.58491,"09771","Aichach-Friedberg",2008
0.60798,"09771","Aichach-Friedberg",2009
0.63008,"09771","Aichach-Friedberg",2010
0.61336,"09771","Aichach-Friedberg",2011
0.55509,"09771","Aichach-Friedberg",2012
0.56105,"09771","Aichach-Friedberg",2013
0.52935,"09771","Aichach-Friedberg",2014
0.54968,"09771","Aichach-Friedberg",2015
0.51839,"09771","Aichach-Friedberg",2016
0.53543,"09771","Aichach-Friedberg",2017
0.49799,"09771","Aichach-Friedberg",2018
0.50971,"09771","Aichach-Friedberg",2019
0.5472,"09772","Augsburg",1998
0.56107,"09772","Augsburg",1999
0.53575,"09772","Augsburg",2000
0.56964,"09772","Augsburg",2001
0.53994,"09772","Augsburg",2002
0.55057,"09772","Augsburg",2003
0.4975,"09772","Augsburg",2004
0.54486,"09772","Augsburg",2005
0.52471,"09772","Augsburg",2006
0.56131,"09772","Augsburg",2007
0.57287,"09772","Augsburg",2008
0.59125,"09772","Augsburg",2009
0.59445,"09772","Augsburg",2010
0.58756,"09772","Augsburg",2011
0.56885,"09772","Augsburg",2012
0.60265,"09772","Augsburg",2013
0.56538,"09772","Augsburg",2014
0.58394,"09772","Augsburg",2015
0.54044,"09772","Augsburg",2016
0.50432,"09772","Augsburg",2017
0.53526,"09772","Augsburg",2018
0.53913,"09772","Augsburg",2019
0.72586,"09773","Dillingen a.d.Donau",1998
0.71022,"09773","Dillingen a.d.Donau",1999
0.72484,"09773","Dillingen a.d.Donau",2000
0.7461,"09773","Dillingen a.d.Donau",2001
0.72033,"09773","Dillingen a.d.Donau",2002
0.67854,"09773","Dillingen a.d.Donau",2003
0.69427,"09773","Dillingen a.d.Donau",2004
0.69961,"09773","Dillingen a.d.Donau",2005
0.67985,"09773","Dillingen a.d.Donau",2006
0.72757,"09773","Dillingen a.d.Donau",2007
0.72479,"09773","Dillingen a.d.Donau",2008
0.72996,"09773","Dillingen a.d.Donau",2009
0.72722,"09773","Dillingen a.d.Donau",2010
0.71956,"09773","Dillingen a.d.Donau",2011
0.69679,"09773","Dillingen a.d.Donau",2012
0.73549,"09773","Dillingen a.d.Donau",2013
0.70629,"09773","Dillingen a.d.Donau",2014
0.71634,"09773","Dillingen a.d.Donau",2015
0.69225,"09773","Dillingen a.d.Donau",2016
0.67055,"09773","Dillingen a.d.Donau",2017
0.70011,"09773","Dillingen a.d.Donau",2018
0.69947,"09773","Dillingen a.d.Donau",2019
0.68306,"09774","Günzburg",1998
0.70162,"09774","Günzburg",1999
0.76505,"09774","Günzburg",2000
0.72284,"09774","Günzburg",2001
0.72002,"09774","Günzburg",2002
0.7098,"09774","Günzburg",2003
0.6837,"09774","Günzburg",2004
0.68316,"09774","Günzburg",2005
0.66339,"09774","Günzburg",2006
0.6725,"09774","Günzburg",2007
0.67643,"09774","Günzburg",2008
0.72318,"09774","Günzburg",2009
0.72127,"09774","Günzburg",2010
0.69482,"09774","Günzburg",2011
0.7303,"09774","Günzburg",2012
0.73711,"09774","Günzburg",2013
0.72437,"09774","Günzburg",2014
0.73139,"09774","Günzburg",2015
0.6889,"09774","Günzburg",2016
0.67375,"09774","Günzburg",2017
0.6753,"09774","Günzburg",2018
0.68954,"09774","Günzburg",2019
0.59949,"09775","Neu-Ulm",1998
0.57841,"09775","Neu-Ulm",1999
0.6091,"09775","Neu-Ulm",2000
0.62205,"09775","Neu-Ulm",2001
0.59426,"09775","Neu-Ulm",2002
0.56693,"09775","Neu-Ulm",2003
0.54421,"09775","Neu-Ulm",2004
0.55584,"09775","Neu-Ulm",2005
0.4975,"09775","Neu-Ulm",2006
0.53694,"09775","Neu-Ulm",2007
0.55708,"09775","Neu-Ulm",2008
0.60374,"09775","Neu-Ulm",2009
0.60022,"09775","Neu-Ulm",2010
0.59794,"09775","Neu-Ulm",2011
0.61654,"09775","Neu-Ulm",2012
0.65306,"09775","Neu-Ulm",2013
0.56984,"09775","Neu-Ulm",2014
0.59274,"09775","Neu-Ulm",2015
0.60064,"09775","Neu-Ulm",2016
0.62099,"09775","Neu-Ulm",2017
0.57796,"09775","Neu-Ulm",2018
0.57401,"09775","Neu-Ulm",2019
0.54263,"09776","Lindau (Bodensee)",1998
0.5198,"09776","Lindau (Bodensee)",1999
0.60766,"09776","Lindau (Bodensee)",2000
0.53188,"09776","Lindau (Bodensee)",2001
0.58392,"09776","Lindau (Bodensee)",2002
0.55843,"09776","Lindau (Bodensee)",2003
0.50746,"09776","Lindau (Bodensee)",2004
0.57021,"09776","Lindau (Bodensee)",2005
0.55864,"09776","Lindau (Bodensee)",2006
0.65596,"09776","Lindau (Bodensee)",2007
0.61298,"09776","Lindau (Bodensee)",2008
0.6174,"09776","Lindau (Bodensee)",2009
0.60895,"09776","Lindau (Bodensee)",2010
0.5969,"09776","Lindau (Bodensee)",2011
0.56922,"09776","Lindau (Bodensee)",2012
0.59383,"09776","Lindau (Bodensee)",2013
0.53977,"09776","Lindau (Bodensee)",2014
0.5662,"09776","Lindau (Bodensee)",2015
0.55446,"09776","Lindau (Bodensee)",2016
0.52161,"09776","Lindau (Bodensee)",2017
0.49996,"09776","Lindau (Bodensee)",2018
0.5405,"09776","Lindau (Bodensee)",2019
0.56676,"09777","Ostallgäu",1998
0.58697,"09777","Ostallgäu",1999
0.58394,"09777","Ostallgäu",2000
0.58959,"09777","Ostallgäu",2001
0.5884,"09777","Ostallgäu",2002
0.61587,"09777","Ostallgäu",2003
0.54941,"09777","Ostallgäu",2004
0.57139,"09777","Ostallgäu",2005
0.54544,"09777","Ostallgäu",2006
0.55731,"09777","Ostallgäu",2007
0.59309,"09777","Ostallgäu",2008
0.60769,"09777","Ostallgäu",2009
0.61532,"09777","Ostallgäu",2010
0.61493,"09777","Ostallgäu",2011
0.5722,"09777","Ostallgäu",2012
0.60353,"09777","Ostallgäu",2013
0.57664,"09777","Ostallgäu",2014
0.56254,"09777","Ostallgäu",2015
0.56429,"09777","Ostallgäu",2016
0.53897,"09777","Ostallgäu",2017
0.51685,"09777","Ostallgäu",2018
0.51382,"09777","Ostallgäu",2019
0.52349,"09778","Unterallgäu",1998
0.50271,"09778","Unterallgäu",1999
0.56195,"09778","Unterallgäu",2000
0.59328,"09778","Unterallgäu",2001
0.5892,"09778","Unterallgäu",2002
0.54517,"09778","Unterallgäu",2003
0.48296,"09778","Unterallgäu",2004
0.49764,"09778","Unterallgäu",2005
0.48592,"09778","Unterallgäu",2006
0.51383,"09778","Unterallgäu",2007
0.55838,"09778","Unterallgäu",2008
0.56462,"09778","Unterallgäu",2009
0.54836,"09778","Unterallgäu",2010
0.56945,"09778","Unterallgäu",2011
0.56258,"09778","Unterallgäu",2012
0.57504,"09778","Unterallgäu",2013
0.55043,"09778","Unterallgäu",2014
0.54064,"09778","Unterallgäu",2015
0.50585,"09778","Unterallgäu",2016
0.52827,"09778","Unterallgäu",2017
0.5014,"09778","Unterallgäu",2018
0.50553,"09778","Unterallgäu",2019
0.54015,"09779","Donau-Ries",1998
0.56412,"09779","Donau-Ries",1999
0.61256,"09779","Donau-Ries",2000
0.60689,"09779","Donau-Ries",2001
0.62729,"09779","Donau-Ries",2002
0.60926,"09779","Donau-Ries",2003
0.53994,"09779","Donau-Ries",2004
0.54329,"09779","Donau-Ries",2005
0.55845,"09779","Donau-Ries",2006
0.6007,"09779","Donau-Ries",2007
0.60782,"09779","Donau-Ries",2008
0.59352,"09779","Donau-Ries",2009
0.59424,"09779","Donau-Ries",2010
0.61787,"09779","Donau-Ries",2011
0.59098,"09779","Donau-Ries",2012
0.5516,"09779","Donau-Ries",2013
0.53234,"09779","Donau-Ries",2014
0.53464,"09779","Donau-Ries",2015
0.52882,"09779","Donau-Ries",2016
0.49878,"09779","Donau-Ries",2017
0.50133,"09779","Donau-Ries",2018
0.52103,"09779","Donau-Ries",2019
0.54039,"09780","Oberallgäu",1998
0.5966,"09780","Oberallgäu",1999
0.60328,"09780","Oberallgäu",2000
0.58576,"09780","Oberallgäu",2001
0.56062,"09780","Oberallgäu",2002
0.59184,"09780","Oberallgäu",2003
0.549,"09780","Oberallgäu",2004
0.54451,"09780","Oberallgäu",2005
0.53979,"09780","Oberallgäu",2006
0.57708,"09780","Oberallgäu",2007
0.59885,"09780","Oberallgäu",2008
0.5885,"09780","Oberallgäu",2009
0.59694,"09780","Oberallgäu",2010
0.62218,"09780","Oberallgäu",2011
0.59969,"09780","Oberallgäu",2012
0.61781,"09780","Oberallgäu",2013
0.59011,"09780","Oberallgäu",2014
0.58248,"09780","Oberallgäu",2015
0.56079,"09780","Oberallgäu",2016
0.55817,"09780","Oberallgäu",2017
0.5245,"09780","Oberallgäu",2018
0.50434,"09780","Oberallgäu",2019
